"","state","GeoFIPS","GeoName","X1963","X1964","X1965","X1966","X1967","X1968","X1969","X1970","X1971","X1972","X1973","X1974","X1975","X1976","X1977","X1978","X1979","X1980","X1981","X1982","X1983","X1984","X1985","X1986","X1987","X1988","X1989","X1990","X1991","X1992","X1993","X1994","X1995","X1996","X1997","X1998","X1999","X2000","X2001","X2002","X2003","X2004","X2005","X2006","X2007","X2008","X2009","X2010","X2011","X2012","X2013","X2014","X2015","X2016","X2017"
"1","AL","01000","Alabama",1031.2942121251,8781.74237958,8880.4487164566,8307.2323714054,7515.1636855218,7272.0895595604,6435.3037801144,5698.13648381,4075.7464653256,3126.7562620228,2780.0442240776,2732.2344549478,22804.753386194,24016.9040003436,22546.032814645,22834.7945825076,22333.6688741824,19600.9395938728,18387.9663670332,12498.2777325582,9301.0614282977,7977.393369642,7559.3598901568,59970.112741526,59984.9922639728,55686.3810675056,51128.2308870564,47440.496798772,41240.5027263812,37116.679011976,25297.8088921997,18345.5643198574,15284.6601736798,14065.0946707722,111967.215339645,108032.623511495,97030.195104823,88973.916428012,81367.6399639544,69349.5365139532,61383.6605840688,43973.1280968691,31917.103677525,26235.2716000456,23864.9879350311,184444.366771894,166189.985068978,147390.735006422,135056.903137849,123141.246529286,103215.95989614,88596.7728431816,59773.2271548676,41578.9760003463,33650.5307118468
"2","AK","02000","Alaska",154.0481666835,1335.37326483,1351.8294103878,1294.1278711128,1255.1058102961,1290.860698365,1178.520606027,1123.8459169273,845.0505720517,620.2675846523,511.5854296302,568.8260559255,6752.86317662,7349.465571759,6534.7393973728,6974.507637251,7403.245848285,8687.965220118,10397.1230568128,7808.4802957483,5108.4451348451,4001.6713629114,3718.492311579,20824.223246101,22555.0867781225,18424.430936124,17916.0052153831,17021.1437004,12668.101622817,10839.7058702191,7749.5697202252,5337.7383651905,4281.2685296478,3803.1263459065,29943.845542501,23642.256718791,21381.6950271408,20513.3026925631,19409.134028655,16920.554171337,15263.6283732233,11713.8853420085,9059.3438731043,7516.3187801538,6997.8833391765,60212.306211981,49648.7391094611,46891.7792334808,44886.6477828293,41390.47284015,34001.428077792,27723.1206434224,17456.1687290144,11428.9333807862,8880.6587453958
"3","AZ","04000","Arizona",647.6348911122,5235.87292874,5028,4950.0106240899,4566.8767815508,4607.3743456755,4531.7314858587,4227.0833186703,3646.5854262168,2786.8950800244,2373.419840664,2111.2435060331,16613.05415048,16970,17561.9247924333,18383.5940857204,19214.2814552325,18433.7151171436,16904.8801782603,13527.3996005808,9816.3270379818,8214.382921908,7327.2908731389,60740.25641082,60047,58165.0877476965,53617.170860002,49359.633669612,43955.9379002542,40786.9883246934,33748.58312376,24772.5652464018,19568.8732939248,17271.708731513,140520.74244438,143768,139844.293269137,131021.902227331,120399.713524608,107618.885828065,95051.4119801595,77147.8249109952,56112.5479635306,44238.3736077672,37864.6776085445,279041.48360396,242509,220021.568662732,200737.254514259,184974.933669026,162064.376999698,138651.19398942,110851.813042498,75116.1021848199,56949.61260588
"4","AR","05000","Arkansas",564.3037743101,4565.579529172,4586.353177536,4500.4516432944,4167.3158133672,4102.9572747808,3892.34147554,3351.2512101828,3102.33862512,2216.7722589508,1835.7739961128,1617.2937240515,13144.202202838,14136.613572864,14035.7142252456,14191.7728897542,13738.1453350348,12663.85041047,11506.4483954244,9810.311939946,6600.7303947944,5285.788670782,4365.2789462986,33899.538071111,33695.150740224,32361.0947662032,30148.8896178288,27822.999191536,25964.76569659,22628.8626038712,19834.118150868,13418.5969468112,10141.1379198576,8629.9328988136,66406.728479637,64240.9231064,61677.820744122,55874.6753316414,50962.5560941348,46279.0157755275,39596.7395876616,35552.216870478,23571.5391636658,17611.0631213172,14495.9532464824,109888.700345582,101114.33613632,95177.8958769108,87119.7996236802,78567.6036632552,71486.17392882,59290.5555714252,49654.514222838,31650.465705705,23196.5624161864
"5","CA","06000","California",10373.4839298363,82637.108117949,82393.761016385,80469.2690414226,73887.5360890848,72671.2504401681,68614.7602323642,58353.4725095705,53270.373832662,37006.9790717022,28234.5992196345,24754.6093012205,200535.473529762,207789.625385615,218312.12754509,216787.421674646,216046.818437165,211037.893408788,192179.555202122,174270.045947698,118446.069883902,92465.335203417,80147.6274793142,632969.245075986,647920.749176155,638580.469075985,596388.752544355,569365.235010306,508387.182310051,420700.476477937,365742.370674924,239414.250040944,174813.804516962,147502.07164791,1165810.14371814,1212030.51368535,1186691.37012194,1124340.93905106,1013031.5335085,921006.874616617,793855.782690297,728028.442379714,491050.756533372,360436.95910024,299310.709475956,2230162.1122796,2013294.65127017,1869301.87101949,1679750.90236343,1568834.35405674,1431053.61920934,1229192.95773788,1110869.09308154,728126.342717341,526769.893991314
"6","CO","08000","Colorado",945.132087885,874.6970384196,7084.152520559,7183.1514801225,6467.2736223412,6384.113983324,6280.350644496,5657.0582951604,5480.2598423048,4123.6119552296,3282.320327156,2847.6789928984,2832.2319326862,23773.736395717,25106.9657507292,24801.0579115036,25256.123059321,25394.3460870064,23848.4787145416,21766.6529859304,15172.7619809442,11449.433746649,9513.6916208522,8562.986260829,68288.19621688,66901.5525551423,60048.7958732878,56493.4283177726,52843.7183026232,47346.6113780168,43693.6302929684,31264.2422087333,22949.3647291004,19314.3524613002,18707.9550908228,160843.701211395,162753.920855807,153108.864488842,140620.950020505,127904.508252274,107821.437706752,93290.4843067192,65950.8669456026,47223.060190696,39232.7918790258,35783.3670900288,264168.05817503,250175.095962139,221637.837045116,203932.073833349,190023.668471942,165658.36435687,144164.45171596,96856.4171393678,69789.6232935524
"7","CT","09000","Connecticut",1661.6012129094,1500.7961280495,12437.427741376,12605.2681265564,11776.217140414,10926.2193576781,10622.580375645,9293.428049553,8160.3886015463,6256.8356455297,4705.2598984488,3785.4966581844,3410.395978212,28480.363297793,29120.4125827206,28785.2498560572,28153.9407416085,27713.73916395,25947.919681758,23913.7641568812,18481.2793087384,14385.7758659898,11646.6855898482,10711.5394202225,90093.182933864,89243.3699621879,83010.4203591772,76520.2032328363,68978.456749125,60125.017256541,51299.588102896,37647.8516965845,27861.6148888732,21720.2586007842,19953.71821086,160582.434938431,152211.662607188,146394.100889925,133905.963169083,121008.503918295,104340.290586567,95475.4509002329,69950.483941751,50069.139115462,39809.791538208,33883.6268087195,253571.097951402,230743.703027242,202896.55531082,182927.661317787,163804.716581625,139064.294491788,120753.646895215,85549.4718152914,58980.1433839247
"8","DE","10000","Delaware",335.626136508,298.8194901428,2514.13204986,2482,2333.0518682385,2277.5155867184,2144.7037565415,1897.0596171134,1787.2240475601,1505.6478741888,1114.5605899212,843.4275907896,726.0966818025,5945.6559934,6056,6042.6491190039,5768.0214443104,5519.345151243,5296.3076297111,4685.3585436726,4010.1479902152,2943.1211325975,2331.0437024736,2042.8964949898,16921.75000096,16887,16926.94061793,15737.2852330528,15196.718113311,13725.8195354443,11596.9776798483,9689.2068771216,6841.6151712147,5191.2549793248,4544.425998545,40541.33039156,41341,40168.7943732687,37717.9956493912,32834.4431414475,29330.1235622501,25837.0540201512,20123.3012944104,13821.1930018107,10143.2094135744,7989.6644431653,62336.996567,57471,53679.8962866069,47878.3685823728,42704.6926876815,39725.6028096602,34478.1811637091,26804.9916597864,18150.1107934887
"9","FL","12000","Florida",2726.7353185232,2385.3779961275,19201.189702605,19787.545355712,19528.1512040484,19320.5271136878,19728.5780461804,19168.7824495825,17171.4553158924,16557.898449582,12259.0585495286,9678.9447703204,8229.8145803368,64641.253656881,67332.533649152,69966.8613015948,70047.7716306498,70419.9534087948,70056.5253990525,61466.5817434488,57029.657134464,40711.2026124926,31734.0442334312,27664.7283205172,225434.844948624,231946.095200768,223388.995875956,208356.858385829,192537.600067199,177799.185633248,153011.987720605,136422.422172666,90547.6044284482,68876.2496910976,58510.4568143414,478234.549649966,479445.147409568,459975.187152083,430070.727257644,404563.527877321,371811.04777838,321340.103290958,291998.032526466,194736.161580094,142950.640336392,111390.081875952,794414.140086195,758303.879464768,685472.960800914,620498.058527505,571597.191560469,520971.044384123,447814.021768786,387948.69601425,252456.537162313
"10","GA","13000","Georgia",1978.690593341,1721.4944131671,14072.802858387,14538.65094136,13988.2474490218,13548.2342803712,13310.6588310402,12461.195658777,11239.758914421,10891.103412935,7845.3917312804,5825.611828311,4894.6248777465,40945.909746525,42943.140110325,43886.4504630652,42523.83567664,41391.7174765269,41023.1698653598,35668.6480042203,33960.239484023,24589.0464429764,18836.2983281385,16535.5558184323,131558.617854909,133262.192670425,127220.690584897,116019.542048045,108770.210644536,102998.393985808,89448.5755906627,83197.231906466,56534.0162250138,42187.4554117555,35981.11490064,296710.30549335,302949.981322625,291468.256002566,262506.113133549,239876.740330674,219190.275944345,189706.495591189,171859.930174157,112348.700139372,80102.64206615,63007.6440036862,454789.057946475,434311.662336825,403288.657301599,362180.99407399,334377.117912512,308320.803798352,263507.992800663,235726.227981459,154058.578243643
"11","HI","15000","Hawaii",481.9635368721,410.1155439582,400.1303568493,3322.53270079,3265.2483772873,3139.9937936804,3186.0765570172,3188.5366721476,2813.6150354992,2568.8432533024,1900.5591085007,1454.4425618409,1303.7239754066,1197.4417067382,10086.183674649,10375.3341241412,10013.0538251458,10002.276943428,9698.769349728,8536.295423816,7883.754365576,5723.5159552708,4219.3698399086,3579.0596887554,3409.0432263261,28630.403166711,29055.4774715553,27446.6840632988,25683.7241364242,23934.8932948308,19920.9150894288,17080.706518002,11297.1530952797,7762.9319151875,6231.3316255088,5278.6589898845,41904.508892536,40948.4066231808,36351.2070327498,34074.2739430786,32551.8258721472,29153.021633242,26754.0639892748,18564.0319406426,13277.922365623,10638.4386844264,9182.6335526574,72887.393412025,69133.0195441563,61190.2283297224,55789.979692678,51034.473828982,44416.93743396,38781.1286590304,26366.7051136184
"12","ID","16000","Idaho",416.3006282701,327.3742999212,312.5058376765,2467.726366633,2297.3229062995,2162.9433026564,2100.755312425,2049.470777025,1856.184167235,1797.4864962131,1491.4027622543,1172.6969354746,981.618211737,937.5175130295,7823.333127126,8313.652487465,8043.6890302232,7574.9417010932,7257.777607395,6076.800172611,5637.8094874598,4188.9745962358,2949.6064069284,2223.991903884,1990.820074702,16594.455571485,16636.1597527273,15595.3669287248,14401.2505999404,14024.76984132,13132.5740469,12126.9596504385,9239.9739981486,6538.4751039815,5099.3678207664,4429.702684079,37240.629048942,37599.3542557352,32579.2793577132,29713.8470499619,27668.195368905,24792.70797339,22475.0127074872,17026.4876386171,12325.5287045727,9396.1134498966,7664.287458209,59991.915339818,55828.3901477768,50331.526071626,46487.0413753858,43034.807768715,37334.03193333,32689.1951826552,23925.6815370258
"13","IL","17000","Illinois",9752.1583591998,7563.2504119824,6643.6762658538,54820.6873907,52817,50450.3434893447,48045.786510384,43860.5545362705,40373.3354205571,36258.0057189387,30719.9028868752,21735.905924349,17071.529956704,15146.0155402699,125083.77600594,128122,124715.728141196,114716.027804806,111567.223860572,98428.3929641083,85399.5141842553,73409.4040346208,50910.6893378067,38939.0416709568,33409.117174041,274127.35001234,266608,249890.90181345,227809.207297995,214006.353727026,191790.570178787,171653.916382428,137734.656976903,94649.7884138928,72653.3547744384,63583.5278169714,503695.975748,491644,450630.087856921,405867.650224397,371151.851848071,334932.886013348,289291.538752205,234778.273137062,159598.610248315,114433.022112158,92193.6155390672,710300.45629672,679776,637106.759120469,570070.680193458,525052.690620266,466387.25336673,393113.322341962,310034.212190078
"14","IN","18000","Indiana",4080.6982624152,3105.3660264004,2756.4698740898,22067.334614361,21612.389883616,20936.1602124168,19660.7658755352,17656.2393525192,16789.782340415,15056.7539747736,14165.678464056,9292.4879976692,6996.4046987196,6516.0637616525,52723.197933189,55425.139423264,53544.0956911836,47803.952052402,46556.7683472848,40586.029166165,34852.107793314,32882.704521282,21403.3093629402,16050.8594883676,13642.427041815,109507.868494788,110583.102626784,102489.743051688,93088.1884054902,89708.3123364328,82511.14371801,72049.136374914,62715.610023192,41326.33473097,31078.9146908168,27764.162485972,214739.633693811,211973.899098592,190962.261819146,174177.073269646,162057.461294134,149000.105813423,123251.348880035,106928.105241132,70528.799048759,50782.75273993,39009.7498089948,310674.038651051,300774.40305312,277345.417251797,252661.79176329,234531.051277175,208255.25870317,173522.630345519,149747.049963756
"15","IA","19000","Iowa",2201.6349430834,1601.285758325,1406.8126387172,11468.227075746,11178.799032765,10719.1566509974,10172.7243756416,9538.0050035277,8793.9426735268,7978.3008223783,8188.020940517,5375.8138409514,4217.6140937535,3738.2420225852,30363.485742303,32390.825529335,31850.3389676048,28526.8532564416,28173.0745924992,23995.1213488322,19530.7094979793,18261.295864744,11793.6589155374,8289.482417887,6927.4354848881,55180.585247424,55706.576285815,53363.7709935798,47798.2761289472,45544.213133307,40788.2957927828,36559.6998235833,32366.6245555395,21907.6713267126,15938.6423031935,13099.6041149103,99705.678978381,99807.92294564,91220.7552698292,82672.7708118048,78508.7421186411,75946.6922404254,64277.1433180609,56628.8697205435,38245.2423808092,26414.6948068795,20968.9431901183,159283.804347381,156719.034042935,150471.361961655,133886.152269584,126176.683308997,116157.133465608,97025.64255286,84168.6245107485
"16","KS","20000","Kansas",1835.3423785065,1306.8195942734,1089.6535514502,1039.4400740757,8290.30667464,8379.8497060893,7732.7198046412,7292.392495003,7170.7294700448,6576.8522620468,6394.7022664,4506.2367151497,3431.9794735865,3023.3060694826,2884.6182517823,24383.757672936,25967.95655357,23873.0640444836,23905.2923839268,22187.2598559932,19120.9763505388,17558.9388946392,12163.2193032302,8510.2095579085,7044.8630429288,6558.5424373986,52149.875002046,51219.0790212886,45540.0335778242,42537.3365198012,39055.4337072756,34331.7436791136,29818.4966682232,20826.2746572304,15097.6554154861,12620.5840555756,11606.8701583351,92805.496200941,88203.1759272609,77573.5382365664,72040.3157312608,65746.2614621384,56881.8811455856,51779.7313088312,36646.4173891262,26085.0801781204,19777.7463373012,18053.1963250694,146238.445728276,139184.29762804,121036.552813842,110913.140922461,100483.6228592,83956.1467204104,72076.0595379372
"17","KY","21000","Kentucky",2780.7788615565,1984.0422120814,1601.2068790596,1476.188249161,11986.874973161,12014.9496067364,11439.2588125272,10651.2113895061,10582.47464568,9616.341558585,9005.5359761241,7046.9695793819,5157.967045541,4380.692070888,4150.054765612,35482.930418243,35259.7251888486,32064.7465896804,31372.2978802436,28674.91716684,25066.729648308,23507.8647413568,17271.4491277979,12029.7540050739,9468.2838377004,8797.8145498995,71138.482258525,67308.1176298764,62089.5526596348,59226.7855009537,55480.49946243,49827.601078554,43789.0196924005,32156.8535328551,23431.5520923281,18441.1322626218,16417.295754641,124409.018832032,116393.102552909,106578.446542067,97842.4876984387,92220.06714291,81794.332943625,72477.3424671051,51735.1342931423,35919.6664306467,26297.4425433618,23608.486073063,186555.987774035,174189.221100086,156902.176662662,141967.516191636,129719.60441832,111158.995916373,96475.9072061029
"18","LA","22000","Louisiana",3650.3646628488,2583.5297288076,2039.2181121624,1845.8027887254,15241.31413884,15076,14617.1744881077,13564.8007049452,13021.964744019,12160.1161938406,11215.1638755945,10163.1231507744,7570.6700832225,6127.2690905304,5732.190122807,49143.50983064,51653,57251.5703175225,60966.1861339276,54555.4213626345,46066.9110623169,40757.8836548601,31893.3558611112,19030.2089032449,13974.8669507904,12021.5601073116,95189.19158428,95177,86016.6221041191,71776.488098764,66993.864556731,62987.0530294831,55681.6730865012,44899.9766538024,31097.8693560321,21453.8992393944,18258.1887407997,144782.701704,138911,125788.663318989,123148.521367559,119761.683374813,119649.575339247,102363.097001671,79158.000875556,53995.7219715567,37547.2169977032,33609.3898110516,256791.46931056,241378,210116.17378261,192409.792010117,169157.656111007,142368.15252903,121481.905285217
"19","ME","23000","Maine",1009.09401516,679.5944151528,521.2439416436,446.7094768411,3471.513460706,3513.522024896,3416.016602706,3214.8096853314,3026.1467838364,2888.6520096875,2615.3532393252,2336.344531794,1564.8418253672,1293.9179855264,1138.2830287917,9299.561581961,9629.69116336,9488.1132323604,9139.349080173,8714.468335198,8268.7273418925,7488.1639835148,6690.877093908,4536.3710154324,3559.0172374568,3181.1490268481,24952.19091763,23990.155082496,21613.8165506532,19755.7728806334,18128.1082116104,16578.0519552725,14151.4587251052,12199.196077488,8031.688988605,6015.3816336312,5152.2676180943,40804.041539408,40059.927866944,37460.620498416,34341.3782274186,32287.7705457724,28903.3835788775,24284.1303757524,20620.544313096,13035.7378811318,9359.921937494,7659.4078108416,56673.50288261,54239.86731328,49320.0686660784,45031.6963651776,41174.8738294184,37146.5034110625,30865.4911219536
"20","MD","24000","Maryland",4540.9838325935,3104.9695681334,2351.6847011185,2074.8803630841,16096.210889787,16690.80929334,16530.873625263,15442.215399936,15091.3514376261,14571.2013683112,13085.4346712536,12117.4035981135,8226.4599684938,6254.027682694,5439.2369910385,44431.792138398,45936.57758326,45187.2405188236,43816.4612926496,41472.6915098979,40028.333382609,36434.118836176,34022.196187713,23276.5707200576,17524.01108931,15493.908661296,120779.473625412,118805.669102575,109757.013564386,98604.979585008,92395.0527141915,85784.3766830478,72467.003812171,64179.6217088205,43021.7979289582,32680.9958175415,27688.9365329772,216465.315314745,216330.872230655,206342.576944295,187947.104644061,181704.258629372,169758.614280728,144670.33965908,126872.725076964,81873.8032286856,57709.3798762855,48028.6691551264,365146.46157759,350094.2524625,322766.139544443,289580.309268234,268805.817943828,245044.441664889,205114.91798801
"21","MA","25000","Massachusetts",7954.552854954,5571.8421841375,4071.7468723411,3483.3501102354,3268.8782224175,26949.906723514,27129.1092876764,24509.1616587864,23165.9611509634,22396.6048774764,20018.5347321408,17956.7807284988,12537.766761729,9264.2065908774,8090.4901882598,7988.9838851031,67267.932959885,68804.2237444476,65662.3151379706,62627.8591546762,61646.8089528408,57717.61375347,53264.6725279788,38039.6023046445,28282.52440707,24186.608071825,22218.54069974,170405.330687945,158698.772659399,141253.321022267,129720.860326026,123029.949176092,106518.757807896,96208.295597988,67873.264683872,50719.179298467,42230.256362308,40685.4906335416,317506.993915333,300173.779762887,266081.15059828,246746.753009803,228596.151164467,195541.363985059,173051.605675526,115309.460975296,78535.0115101374,64229.4220170584,58605.6846953831,463763.601397922,436508.513793451,387879.502013867,366602.138834901,335010.995470943,286055.381370322
"22","MI","26000","Michigan",14514.2389593502,10841.8756930225,8366.7155057,6604.683974772,5693.2390318625,48558.731720367,47121.1919804318,40000.1585222536,39497.2555176808,38460.035520165,35763.239634993,30029.8870400998,22314.7934831738,17812.058929297,15027.2542213572,14129.6164704575,114443.660134573,102453.71457156,99334.2756008912,87976.5768402682,86841.82077879,81682.336532922,73178.6146967435,54403.4172534174,38269.1305956257,30385.7520175062,27115.037693637,209646.002893063,194526.677972085,183687.331970928,172925.010386554,170948.29482234,145888.116408885,128782.546953704,95324.6334148024,70869.0199900783,56800.7868710658,50015.3004777645,380611.779217538,358584.065543661,325930.522045343,292322.775412518,268617.30317541,224874.01143945,191288.198497873,127895.857944981,82117.2775414306,64771.8295631862,56816.7475120565,452399.491730021,422711.350215907,385685.620479644,359258.95095456,330956.56221999,287078.637174933
"23","MN","27000","Minnesota",5300.5030060815,4290.5673483096,3080.096581536,2447.6671079976,2111.9659902936,17553.27214578,17681,16746.9239478663,15821.783904266,15321.8083617375,15579.7369250049,13658.9695426143,11217.9080947656,8104.997735388,6557.618359464,6016.9934182961,50935.90228642,50219,49620.1173542748,45386.0526351872,43292.407206825,42764.1338641081,37407.8868270984,30026.03504124,21068.3048624055,16362.1747695168,14205.9190205073,111692.46305554,106102,102562.930459477,93143.5960147972,89566.7143579845,80965.9771645076,71962.529411556,59201.74184028,41224.4272756638,31297.4488186224,27614.2154174226,212837.0932482,203521,193860.937157455,182556.615180892,170467.260164366,149815.579560332,127723.623715738,99884.8462600968,63716.0427939762,48062.5530029496,40805.4775424837,318391.5088824,304063,284487.239862658,257619.07497048,236725.258622811,210386.068649254
"24","MS","28000","Mississippi",2224.28177667,1886.422034952,1285.331219135,987.7080604212,841.3202142972,6897.899447763,7015.696797216,6705.3771094524,6433.6794990858,6605.4447149916,6593.6214629775,5670.5362085004,5125.530427416,3797.7949037264,2963.1241812636,2643.3411828538,22025.509150979,22027.080386848,22209.1926513684,19987.2002007444,18678.3821097884,17952.73802518,15149.2438836792,12924.743014008,8750.9525094042,6598.4617821032,5538.5425572488,42658.670639373,42151.948614592,40688.9641998096,38441.295908964,37117.9525408904,34341.54423798,28882.990031064,24966.73725525,15949.0683175184,11883.1362869964,9814.9559395107,74234.694152605,71416.513008096,68240.8253077512,63157.7336968188,58751.9888305656,53895.0639065825,45954.4154998248,40503.032259732,24445.8253736358,17791.372300988,14434.0301733848,111554.014190239,106791.057129568,96674.656602156,86242.8118843122,78429.4957044968,69769.2216316025
"25","MO","29000","Missouri",7093.5019982389,6396.587108109,4342.954928125,3229.9947338285,2729.6387464801,22157.442059403,22211.242874275,21137.838406074,19999.813695056,19444.0737951054,18838.187601895,15876.3548727204,14604.5227033835,10342.7645331494,7891.366341925,7064.0474560032,56881.372109373,55193.8066589,54925.0994084594,50070.8884914912,48244.3290824418,47965.1465638822,40598.6136550936,36877.515132055,24713.0117484448,18363.96697212,15514.1021441484,116420.153433318,114938.31214229,109623.891775054,98086.1145483328,96113.9692286487,90127.294808588,77254.1927387721,70058.870341118,47443.6904058568,34251.2147144475,28873.0089365952,216085.364251071,207658.01100499,195084.277046503,177854.396021293,164959.564655825,149801.396508391,125379.328311339,110675.915088748,69608.4646643144,49067.4228208175,39350.5198993075,299290.150733385,290510.842980995,268654.033920833,240677.485787763,218684.363542331,196198.9999468
"26","MT","30000","Montana",1070.5620817416,924.4912419424,651.5689813182,478.2984149187,376.7767074404,355.4685620167,2949.682568129,2882.1469650141,2651.5315673126,2736.7964043266,2875.8441084132,2527.8064148924,2383.3968875768,1804.5289693808,1292.973578005,1187.2773215406,1147.8643055561,9534.921014325,10072.2100685539,8610.0958243692,7912.1150350704,7293.951539652,5933.6472828444,5014.8168702004,3405.3304473577,2382.9401233689,2014.686627846,1859.7845508594,14823.196534875,14748.4169977443,13543.6486737628,12754.7719886972,11606.0614916588,9826.5017016596,8647.4645219632,6097.1659358339,4250.3197586262,3501.8539620826,3237.8396794678,25621.961981687,25420.9509288294,23637.6910545758,22902.8220265922,21805.0064465128,19495.1849809348,16862.3731120492,10793.3688140401,7813.8363867625,6569.9840175054,5947.7432369993,46183.204540981,44531.5896776639,38958.0261682878,34744.8301776268,31864.1672256296
"27","NE","31000","Nebraska",2422.988337138,2096.19416468,1580.6006958147,1176.9933569505,922.9061713092,828.2755998135,7097.020351377,6795.5500273279,6635.220543992,6483.3128496549,6771.070782735,5935.24125756,5657.3422058125,4340.7442145326,3137.2921871914,2666.6033032122,2478.2836640135,19861.234558374,20526.3587983411,18420.099852218,16668.538515314,16743.122623185,14620.363929183,12408.0402316115,8906.480231628,6616.9413277782,5270.9617498104,4798.394141183,38663.941528773,37597.3865273358,34088.2289905636,33233.1851315408,30664.569227985,27860.954818893,23967.1218265276,17439.8601516097,12261.3085098803,9628.606400817,8512.619190527,67246.35774274,65851.0147501207,61193.0182910928,56113.0841724285,52713.204094845,46575.725600274,40434.1562133831,28943.0652997983,20855.9604812491,16811.999312757,14504.8510629885,115911.485056565,110360.047280349,100577.296681913,90863.3965950515,82776.86713149
"28","NV","32000","Nevada",1089.9404433131,953.5479116571,767.9408836224,525.9363634017,400.2586497984,368.3224760029,3203.26292734,3262,3234.0308238807,3150.931758324,3165.691761855,2975.6153059334,2727.4528730223,2366.9359026216,1830.2881609512,1590.3515391456,1487.5950923695,12644.57334026,13203,12435.4799195745,11892.990546456,11540.448952599,10752.6010199305,9733.2922115397,8295.8023309032,6166.8568335609,4958.1862192776,4476.512478058,35636.97941492,36052,35859.1415556243,35673.4436889148,34416.5901941715,32607.7344610531,29335.0406945229,24454.3064746824,17628.6168770796,13710.9953676048,11756.6973774123,93094.62502134,91846,94094.0865185694,93805.370654766,89667.3456192885,79194.1498468183,63321.4022679981,45427.1801639664,30039.0861561291,22157.556794556,18125.685127424,139353.3503901,133071,127248.49999662,117047.243481642,109235.932973696
"29","NH","33000","New Hampshire",1031.1706957825,910.8245377008,817.699737078,566.0676983358,440.095526076,386.4237926956,3100.587640713,3146.2836688,3080.4241732656,2944.4051323596,3001.6901661396,2791.843131525,2433.8920593528,2297.982279978,1643.6580747436,1372.0952920572,1243.0759217261,10195.507034407,10810.83699968,10545.7378584756,10255.0723708134,10622.0845155484,10354.177949535,9233.4083515596,8754.099072012,5986.1202382334,4415.2537229996,3537.9509648648,27255.893413907,27163.259530112,25296.0883039896,23703.029733474,22928.7984030352,21585.8815366075,18565.841225154,16951.111530696,10968.2467302714,8452.6195153812,6991.2042648437,54032.995339099,53290.82437056,50225.1512788116,46514.4552652572,43120.6135608844,38330.070018275,30884.5922987928,25938.30298059,16744.2772971538,12109.8690453672,9965.4468695628,75459.739961662,73552.891197632,69487.0473322296,63210.5153663178,57916.1479551632
"30","NJ","34000","New Jersey",15049.9583820024,12909.3086391222,11796.1138346925,8068.0289727158,5940.290736512,5148.8791845699,40301.791523196,40528.80591214,39277.5839424066,37440.7731074944,36291.8256293061,34096.6369414726,29207.7406894356,26772.376760216,18299.8918088206,13983.539512041,12399.2574141657,99297.625025382,103980.625268975,100563.052271164,97307.4045409856,98326.0325948292,93903.9411975042,82766.7291113108,77281.6943477215,54119.1943104186,39327.3864537125,32792.5333620599,249458.107382295,242985.41659483,228578.670112358,207523.742244022,193946.060219915,179013.296230872,152505.863757186,142205.681596589,93924.0091777372,69669.3544396025,57624.5510142146,440164.314341745,430580.131417345,404057.911069953,365554.854169382,342319.198331055,309462.356140138,256297.247141981,213371.36419434,135953.250815602,94608.7568705785,78733.4717559234,596986.305584256,571494.91063483,535925.502972461,475333.167493286,435598.340264142
"31","NM","35000","New Mexico",2007.327262956,1711.5977355504,1512.3470860036,1032.6979446788,715.5132524582,607.1177597452,574.5641593087,4733.807844759,4761.1211597458,4560.6680410092,4626.6137520834,4714.2378888432,4391.7992593432,4226.8981980904,3022.1073688138,2348.9359363568,2096.1992855522,2209.3543852567,19776.013769879,18999.0653993838,16773.0673309924,15995.4200118482,14928.4199813368,11826.6197145588,10244.7697952204,7017.3799792383,5075.5830518001,4243.12464772,4254.8084102315,34868.431603982,36410.4321623364,35166.749406117,31506.4248174676,29501.7484072464,26402.3170341572,23096.7510573416,15873.393089414,11250.9063075065,8993.1910296676,8198.1078238004,67991.198116938,69469.7143420562,62768.6615344446,58297.2769175104,53592.3254996992,46812.9573311912,37837.4533102888,25751.3344090401,18175.1361490243,14379.7261087732,12757.2624900138,101042.385951131,91813.0181006393,78661.8219533444,72580.049957954
"32","NY","36000","New York",48018.1146564,42946.359681858,38277.9346703509,28809.2683994577,20821.3629819958,16792.1482503774,15224.3114758095,121973.862545029,117222.500073257,110200.965121045,104194.407852189,98849.748233565,88264.541827944,77789.7654512748,59872.448761867,45239.7352491043,36627.733530495,33533.000095077,284271.65501064,277673.041488732,264445.588698986,259292.026701993,247622.973175935,221777.907618696,199284.226420598,151955.003554237,107015.266121717,82969.3657383024,70742.104363532,564226.688800984,528830.942795549,481029.235369546,445097.340842291,421554.046694655,377876.458221621,353147.736554698,262960.500557714,188433.357599807,147469.504913836,126682.498454594,983174.537412353,942893.142831893,886514.83903386,823412.816169126,757725.03356823,633004.850312754,547110.011835833,400954.030541086,278078.643949352,218873.27160523,189215.528214582,1510762.05796823,1434722.92080512,1299456.83675074,1181858.96579553
"33","NC","37000","North Carolina",8832.4896640365,8078.3821092618,7174.5477636528,6033.9292066512,4233.8987865585,3376.2030771696,3017.3832655522,24826.1029048,25035,25081.4270902185,25077.152377338,23485.5194350245,21569.9153811902,19955.9375158698,16561.3707687504,12307.3057877769,9706.450308612,8495.1144318111,71596.78512418,68971,69447.9236156691,69613.4800571476,67461.3806248725,62786.9210294465,55872.0866891394,46977.0451067496,33038.4782839662,24866.2466697264,21149.5707513207,173192.50256314,168006,162362.497922926,152782.284332749,142431.670296353,132577.862862569,122028.481118696,100324.749404062,68399.1223320087,51731.1158234328,43469.5660046514,339610.00077402,332545,319881.562255282,305548.774521346,277478.822966321,248723.929805966,201190.22326834,157219.267280506,105625.100511722,78048.65620068,65738.1203786345,516611.20143604,502077,464262.096488959,425092.282486212
"34","ND","38000","North Dakota",1168.1631511648,993.6962913325,917.35915083,769.746922308,489.0783156668,363.5894683784,324.2030125158,2524.937184166,2715.088070912,2845.6019223624,3576.1611149784,3241.2211571112,3041.0479211175,2539.4511945168,2186.231372514,1674.7148087694,1340.3415642264,1137.9853217095,10956.070065906,10268.232012864,9286.572875286,8641.5773355132,7664.272398806,6103.9559114975,5180.4402238104,4064.730768504,2800.0647005278,2137.1558690332,1740.2467490001,14194.241467744,13460.936260384,13224.0058146432,12052.0852108332,11862.1788952332,10306.0857971575,8425.1269737324,7071.163764084,4690.6107617286,3522.8068460708,3016.2193033093,24428.271955266,23996.344492992,22762.9663847976,21448.8464330244,20778.7739825724,20295.5128767125,16331.0035349676,15095.546089596,11004.0011215448,9747.6516667964,8181.7348865615,65509.682357102,58028.818105248,49301.5787250624,45061.7413155078
"35","OH","39000","Ohio",24490.964456847,22941.7272205896,20359.2313651063,18884.403284712,12346.499706068,9338.468417652,8079.9938167819,60380.743888122,61042.749733875,59847.753003972,57608.0424503168,54625.0829120766,50282.9997403818,45552.5491209907,42924.9319600825,29894.5391577316,22459.6148691915,18545.5722668996,149262.314014086,141760.26999862,137778.199348849,135163.929601555,128207.659291456,117529.698936311,99935.3696635752,90858.620865618,60542.0424690818,43611.1614560435,35793.7132605325,281759.56837245,273349.38066254,268074.003267315,245440.485345414,229024.011476232,213945.183983865,190187.45514047,167643.333940169,109825.200120656,76505.9816592775,63367.1491908312,481871.250331191,475070.003728775,444428.99542473,396034.256776874,362855.685449093,317076.780525901,249872.815632668,220826.525839781,146914.730079632,105531.251679101,86385.7308904681,669184.876491327,643699.61276075,593696.556062854,535467.892944138
"36","OK","40000","Oklahoma",4598.2066875206,4335.2969005888,3777.8801729544,3411.1168946768,2419.3013553353,1799.1676433468,1534.8626075324,1456.2834925133,12048.721478942,12577.1798699382,12218.3047055006,12113.3703730424,12032.7013455676,11292.4233363848,10972.3955602472,8108.7131490495,6423.3298412198,5999.0763816336,6380.457041651,52687.249262013,47098.7640898039,43270.6667575662,39444.704254109,32459.7405620644,26604.064295762,24056.4131617492,16455.8562696833,11770.1319175715,9512.2559771744,8736.9987256013,70031.724630928,67389.3156934489,59778.8340210638,57050.3562940696,53731.4471911912,44293.2858865248,38661.4563737592,27349.4434532099,19840.7304589583,15865.2982833678,14873.0799087343,121714.735713281,123661.778807558,116070.098363709,108913.433088106,103611.21098079,77904.8135349632,68474.9286330588,49022.6381224292,35491.6156715215,29671.0859529494,27897.6109382652,202569.797576268,179188.773967372,159581.199895912
"37","OR","41000","Oregon",4359.6402065489,4190.02914414,3823.227725775,3462.0552260749,2542.4739345817,1928.4148603408,1573.4490375966,1393.687845951,11794.711503344,12023.8043845337,12282.953957416,11782.5636141248,11435.571105105,11232.614632842,10503.3619883409,8450.8385486273,6415.6879007492,5047.0484953422,4493.427133455,34300.636527674,33182.7878632819,32434.6211552528,30133.2342014242,28366.30697355,25352.121517206,23409.7247418286,17510.086882883,12791.1251160926,9999.7203297102,9017.009586704,75355.221901289,74176.4736079821,70643.4433739848,71277.4818840462,68222.565703005,59992.554496674,51329.1253843074,39126.2741625371,26378.4449699033,20390.0691920088,18153.218031839,154521.143119288,145154.404702739,141681.881600197,130583.714131361,122991.35839809,102912.762732378,91051.051989464,66541.9912641687,44541.0014406553,33072.8793004668,28749.399129642,234439.43317674,223368.65698629,204616.861838283
"38","PA","42000","Pennsylvania",27270.9590000508,26118.7041058125,24292.0701002509,21745.6280608734,17579.119193748,12329.5180227399,9701.2868295888,8188.636608507,65535.91166546,65390,64351.0337184924,61755.8933415276,58785.42847842,54372.9882614407,48848.4885690288,41592.0108298128,29746.3782598389,22644.7043327448,20023.3622860533,154431.62094594,152042,149915.375134143,139677.882929835,130950.621741051,121583.186010259,108812.987816423,88117.4371590384,60535.9911551067,45432.0275171304,38992.3310423329,306200.19670288,296602,280314.614659539,256655.632177208,239461.869867717,223946.509645746,192691.166377528,154402.980142339,105142.848210414,77967.642995316,65992.4348383305,525823.16387554,506505,471069.592554402,442138.112562258,404923.423610412,343917.854098824,294333.059526719,232578.379493575,157434.398155087,117476.625919834,99080.7690007095,771437.45209284,723962,673558.791400383
"39","RI","44000","Rhode Island",2181.1009888356,2072.3386936612,1971.7782474775,1744.239042948,1514.058003738,1020.9575084784,763.7607167724,641.7076156821,5061.981739311,5275.440879424,5008.9250212344,4546.5318080754,4317.3123357704,4077.21520416,3641.790163158,3325.42345905,2308.376575279,1787.4934742648,1597.0496424619,12569.65241638,12712.017590368,12758.9837980908,12360.6549709812,11956.4088045944,11174.2428335825,9921.5533803192,8781.202836882,5653.8914784448,4036.6230151224,3373.7655090315,25938.391317374,25122.817203264,23620.89964794,21481.3274604084,20656.4908940884,19226.2432030725,16277.7213048372,14432.963283774,9468.6501444542,7121.1912782652,6071.4382343868,48113.591600457,47104.508579808,44386.0279059588,39012.9619909224,34054.4015182236,29797.7726984175,24806.8994260884,20730.627296568,13309.2459253254,9690.8292064676,8000.5801270428,61854.356991533,59322.404898912,54968.7456464664
"40","SC","45000","South Carolina",4171.5429101216,4081.0912818984,3996.7201774678,3616.8366539173,3266.4459281135,2270.844272818,1701.773631063,1461.8857737692,11860.543410723,12526.530290365,13084.9210214118,12630.9402886656,11800.125044883,11696.7288143346,10475.3302483359,10167.980171296,7089.6480865078,5294.2150814465,4749.7519363736,36368.511133269,37747.00436325,39178.6934703314,36285.9065711744,35148.6195036228,33904.2332491424,29873.1635978137,27148.9850090745,18110.3305121178,13040.410966,10991.3739089336,85610.393808534,86404.31442279,82961.4991117024,74864.223216944,71010.5466284865,66948.1195529822,57687.5285182571,51251.0278402515,33356.1174409232,23952.550154049,20119.8990247333,153294.516574437,151182.806736325,143661.231567399,132104.358184976,119448.477263443,103240.989945702,85512.8361803418,75318.5519365155,48520.7432280318,34817.130196222,29242.1519223743,227978.507013411,222034.51302942,208328.944215113
"41","SD","46000","South Dakota",1358.245569002,1193.8442659682,1167.9597242876,1040.7338575796,895.258317296,626.1404398067,462.8234555599,388.7404047554,373.0242989792,3254.159037494,3908.0293550962,3345.8397060012,3289.23905464,3077.239318954,2774.5671784144,2727.3405166196,2009.1539387204,1376.456911388,1222.0518017362,1082.6974099513,8678.113546147,9077.9236712366,8088.7319972616,7525.6294461502,7068.0444120388,6059.4681556732,5385.252837204,3820.264412963,2796.8952862168,2374.5546430812,2261.8811502485,18514.30601437,17826.0641679906,16382.4662760558,14775.411344309,13466.9797364256,11494.1705979896,10448.48673885,7165.1646793169,5455.5340276359,4485.2698813756,4250.0332497777,33524.46178482,32109.427647228,29666.276667053,27843.4085975276,24304.5595036524,20704.0415565184,19299.6682044428,12880.6033331664,9073.213013528,7280.4681220522,6633.4000998067,51976.804166828,49297.6477112792
"42","TN","47000","Tennessee",7843.592953766,7454.2437595066,7354.9830207,6810.74619402,6001.7850196906,4650.9400133322,3429.6749749987,2708.49240942,2541.4391450915,22067.314618646,22776.456223055,21747.2385088072,20354.4091998415,20765.931266115,19100.788867002,18190.2012717754,14043.3492859982,10169.4035060092,8456.047885683,7402.9887673525,61962.405157433,62950.5830894051,59271.7494703912,55985.5110316376,54866.677866525,49662.733265844,43628.9466834613,31314.7984137961,22885.9065648888,18784.488350052,17007.600363816,141023.016451295,134849.411075082,124010.193046936,116639.282322995,113031.54220407,99455.08674306,86332.7094878752,61871.4143923288,44060.0283628006,34346.8801089474,31026.694742387,246995.198874105,235160.269419695,210491.544048381,190253.56802548,167588.250361035,143536.191784122,125378.613474923,92625.3974402694,65127.4180061532,50267.4321373866,45136.9662907125,360544.267488174,339647.631292035
"43","TX","48000","Texas",26198.2469288724,24762.0592015056,23660.925314103,22034.8927225926,19686.1026955509,16811.5562337888,11988.4368147525,9314.5600558512,8286.0274868224,69585.91426718,73840,76473.0517747719,78026.2309397104,79496.5999455495,78137.7644693796,73546.5140697717,64854.7239944256,50118.9465626811,43664.337181188,37581.4637784285,287916.48930526,288637,275151.449968409,233533.00513868,210114.579461735,196149.732754435,172631.142669542,143211.526703998,97135.0907036418,74140.6147841208,64124.0905406775,517380.7671478,507725,493937.978889758,479338.060283463,452949.693067746,409598.300362332,365591.650567901,293465.660871727,194713.438896101,148399.989585775,131439.394059983,1076146.34348988,1088295,1056110.33618157,981911.675736141,815194.280634006,745041.10353745,663356.101338017,543413.789849638,379205.30086745,287191.456913378,232922.856717412,1740780.46610274,1696206
"44","UT","49000","Utah",2771.6421582984,2499.4150571988,2306.8344986364,2129.1707461675,1753.2869688192,1552.837236552,1053.3191472952,825.9683122304,734.7410788696,6168.155178756,6676.310788352,6793.2043292784,6647.2422541356,6689.60425236,6483.6965432575,6030.9452557032,5716.392501582,3995.8794510002,3216.225532336,2733.6952823015,21740.435597928,22846.145709152,22264.6624744164,19717.6076734572,18054.73835852,17066.4683599375,14410.3299375312,13030.239206502,8743.1230806582,6611.0889955096,5750.3611462341,46878.639760599,48221.697174336,48088.6385944128,44833.5620981352,44393.7963056884,41128.7834572825,35272.8363463248,30651.022219986,19850.9946235666,14783.124401228,12755.259936859,103985.806658275,109668.101441792,107225.016945886,94289.9864186982,81421.8348109288,73521.034090455,62345.7385406004,53381.073401964,34781.9762231468,26199.610875132,22255.8371975665,173249.874688956,170751.393626816
"45","VT","50000","Vermont",944.2138343334,899.146088992,889.2421119288,923.409025063,784.2298176265,720.467954338,499.7525094892,379.70608401,324.6255349454,2578.721124462,2614.388056735,2450.3917936326,2315.5074053216,2371.8030501942,2153.7630710006,2054.1089309526,1946.7681395165,1349.7209043824,1042.465794282,880.4052561785,7047.080527137,7259.849235275,7154.3453066712,6738.6462394272,6740.7202143477,6601.5701659382,5794.442240536,5166.303991979,3261.1769709882,2404.421657231,1992.8825842289,15388.018078797,14626.042890095,13951.1635219936,12803.3453644448,11883.3074609823,11079.6213195364,9583.2362631023,8571.267407628,5628.46958685,4096.606750819,3467.1598133848,26460.556472847,25605.840979355,23627.2158665824,21007.8472003296,18791.1286351047,17138.0854108034,14421.4913173628,12477.6375752825,7974.360120826,5641.89545029,4635.1692192793,35175.824510316,33900.705703865
"46","VA","51000","Virginia",11534.5121086998,10725.0782103866,10216.0774819796,9873.6651904608,8636.62672327,8081.5333713868,5874.8905670922,4285.7492708424,3693.9111829794,3660.5818255248,31462.56850105,32018.5891680292,29583.6008498094,29583.7150791644,28631.9065932988,26237.4483042436,24390.3079729448,17551.3776698611,13475.2280974477,11399.808381553,11156.8815085123,95902.609480552,96730.1444746613,90562.0778516936,87914.6319415518,84856.2819991776,74657.8757520924,66217.5987330196,45200.8779129067,32373.207742837,26748.9130047696,24866.9289549549,198963.086837404,195259.285787368,177467.01623654,174980.789717873,166320.644662931,145546.006301456,129942.633875486,87673.1237419735,63170.413045712,52853.221998207,50458.4182858261,405092.58825902,387596.929618767,336454.300057559,304480.373962041,278814.444403362,232754.514118222,201498.895472054,134392.833481396,93509.8853401846,76514.8630318498,68989.9733316497,543423.192491718
"47","WA","53000","Washington",10990.7469748487,9867.9415714304,9419.022909891,9700.14858645,8902.293376641,8105.6017086058,6021.1933434373,4095.6203037632,3156.1506890142,2913.5444119835,25341.693290782,25816.596600128,25364.5597870984,25006.6273280845,25032.77307951,24257.171836932,23207.2514418311,17534.0505068246,13322.9768693198,10587.1771926726,9665.2067202005,80524.09353857,76093.0410689977,72775.202872518,69000.2631253775,67330.723029885,61435.432112736,56521.017204008,41901.3949462185,30407.1315496209,23972.6812635,21450.8160449725,168353.655938149,163852.743818038,155606.316357987,160412.147834728,156855.54916752,134953.400858319,114050.589645886,82833.9272633537,58428.6185428868,45486.690690747,42160.9776080235,343941.126562121,340388.481034409,306822.646068852,266196.254525156,244504.92261069,210433.296575151,185285.460662653,134982.101241378,96611.1423266562,76239.1826742492,67840.081559583,549731.917696313
"48","WV","54000","West Virginia",4617,4381.3012435404,4112.7951371808,3892.473093495,3490.3260485425,3004.6871856717,2411.5308948792,1749.3369046416,1353.5437080816,1212.4730859711,9985.87598014,10684,10723.0825406601,10462.8307934924,10090.3804303365,9561.3961813893,8595.2502911088,6956.8187921856,4895.8233884559,3652.0040774088,2948.1692733963,24100.01548184,22936,20491.449806256,18498.89133803,18082.878593766,15976.4057394487,13691.0340093798,10994.5552098144,7505.267391387,5676.4439565048,4998.4351078432,39292.41654578,37224,34543.497335109,31494.3131462956,29248.755629289,25587.5353220447,21733.2955736559,17161.513545912,11518.5246439797,8816.9075086152,7723.7902353013,61816.34405862,58873,56047.8767624697,50435.4405205816,46999.6908263925,42510.0740796305,35008.9714135503,27241.4934907824,18197.0032895217,12923.4757910664,10485.9920600449,83471.79275268
"49","WI","55000","Wisconsin",13144.244756672,12683.1750399252,12004.9877211264,11604.6650971316,10518.4407557075,9161.5276071384,8139.886061958,5269.9884889326,4100.6875537284,3582.0116130304,29758.817196293,29599.824128704,29856.632255586,30071.7471777918,29265.9396356472,28369.9978888725,25183.8963373884,22057.877813202,15004.8392107508,11046.5833988224,9403.078191287,77061.214941157,76150.38046912,71948.0584814592,66596.6624710998,64464.766999624,59469.38156852,50384.8832014224,43688.767084452,29483.5408097704,22287.7744395552,19267.1557993607,148932.770412679,147972.299864704,139631.412067578,133034.979933703,124886.998956424,113927.18611526,95118.3313711836,81883.809520254,53442.1147344468,40108.115053652,33689.2776894575,259523.698275043,251323.076326912,226082.055784937,198942.232598577,181896.09411995,163927.410252673,136935.331435128,117408.922625862,76012.7919234156,56418.7608884248,46776.7787300517,356684.249711429
"50","WY","56000","Wyoming",1424.594055885,1335.972242939,1194.4619604224,1110.8165123349,991.6190297018,870.7295848863,797.0287381835,540.0551312222,402.71857395,360.4230727292,3196.984689612,3653.61520615,3787.3149064954,3895.1998460736,4078.146771594,4304.3086889522,4201.4917073239,4614.889329138,3530.7876129262,2382.176250289,1771.2132156446,13660.252443096,12850.828124225,10005.0533382236,8554.261415456,8090.7781889151,7359.6021042826,6620.3586929865,5742.9438841795,3663.0913918566,2644.7104063545,2152.441694949,16421.080290384,16585.51778884,15293.7918543992,12329.0251798848,11609.4680026731,11163.9185894202,9812.5127546343,8538.0763163655,5902.249465519,4500.092407767,4199.9384714378,36729.352232202,38253.456499895,40765.6953731536,30627.8854478752,28784.7966082383,26704.2168160902,20948.0550819953,18130.301691228,11540.7252205234,7569.958565763,5801.8017967975,45286.119973878
