"","state","X1950","X1951","X1952","X1953","X1954","X1955","X1956","X1957","X1958","X1959","X1960","X1961","X1962","X1963","X1964","X1965","X1966","X1967","X1968","X1969","X1970","X1971","X1972","X1973","X1974","X1975","X1976","X1977","X1978","X1979","X1980","X1981","X1982","X1983","X1984","X1985","X1986","X1987","X1988","X1989","X1990","X1991","X1992","X1993","X1994","X1995","X1996","X1997","X1998","X1999","X2000","X2001","X2002","X2003","X2004","X2005","X2006","X2007","X2008","X2009","X2010","X2011","X2012","X2013","X2014","X2015","X2016","X2017"
"1","AK",135,158,189,205,215,222,224,231,224,224,229,238,246,256,263,271,271,278,285,296,302.583,315.51,324.464,330.543,341.063,376.17,400.969,403.436,404.766,402.753,405.315,418.491,449.606,488.417,513.702,532.495,544.268,539.309,541.983,547.159,553.12,569.273,587.073,596.993,600.624,601.345,604.918,608.846,615.205,619.5,627.963,633.714,642.337,648.414,659.286,666.946,675.302,680.3,687.455,698.895,714.015,722.259,730.825,736.76,736.759,737.979,741.522,739.795
"2","AL",3058,3059,3068,3053,3014,3050,3071,3109,3163,3204,3274,3316,3323,3358,3395,3443,3464,3458,3446,3440,3444.354,3497.076,3539.4,3579.78,3626.499,3678.814,3735.139,3780.403,3831.836,3866.248,3900.368,3918.531,3925.266,3934.102,3951.82,3972.523,3991.569,4015.264,4023.844,4030.222,4048.508,4091.025,4139.269,4193.114,4232.965,4262.731,4290.403,4320.281,4351.037,4369.862,4452.173,4467.634,4480.089,4503.491,4530.729,4569.805,4628.981,4672.84,4718.206,4757.938,4785.579,4798.649,4813.946,4827.66,4840.037,4850.858,4860.545,4874.747
"3","AR",1908,1901,1838,1780,1734,1725,1704,1733,1726,1756,1789,1806,1853,1875,1897,1894,1899,1901,1902,1913,1923.322,1972.312,2018.638,2059.256,2101.403,2159.526,2170.161,2209.01,2243.127,2271.333,2288.738,2293.201,2294.257,2305.761,2319.768,2327.046,2331.984,2342.355,2342.656,2346.358,2354.343,2370.666,2394.098,2423.743,2450.605,2480.121,2504.858,2524.007,2538.202,2551.373,2678.588,2691.571,2705.927,2724.816,2749.686,2781.097,2821.761,2848.65,2874.554,2896.843,2921.737,2938.64,2949.208,2956.78,2964.8,2975.626,2988.231,3004.279
"4","AZ",756,785,842,894,933,987,1053,1125,1193,1261,1321,1407,1471,1521,1556,1584,1614,1646,1682,1737,1775.399,1895.814,2008.291,2124.438,2223.196,2284.847,2346.157,2425.197,2515.316,2635.571,2737.774,2810.107,2889.861,2968.925,3067.135,3183.538,3308.262,3437.103,3535.183,3622.185,3679.056,3762.394,3867.333,3993.39,4147.561,4306.908,4432.308,4552.207,4667.277,4778.332,5160.586,5273.477,5396.255,5510.364,5652.404,5839.077,6029.141,6167.681,6280.362,6343.154,6407.002,6465.488,6544.211,6616.124,6706.435,6802.262,6908.642,7016.27
"5","CA",10677,11134,11635,12251,12746,13133,13713,14264,14880,15467,15870,16497,17072,17668,18151,18585,18858,19176,19394,19711,19971.069,20345.939,20585.469,20868.728,21173.865,21537.849,21935.909,22352.396,22835.958,23256.88,23800.8,24285.933,24820.009,25360.026,25844.393,26441.109,27102.237,27777.158,28464.249,29218.164,29950.111,30414.114,30875.92,31147.208,31317.179,31493.525,31780.829,32217.708,32682.794,33145.121,33987.977,34479.458,34871.843,35253.159,35574.576,35827.943,36021.202,36250.311,36604.337,36961.229,37327.69,37672.654,38019.006,38347.383,38701.278,39032.444,39296.476,39536.653
"6","CO",1325,1326,1365,1431,1493,1546,1625,1664,1667,1710,1769,1844,1899,1936,1970,1985,2007,2053,2120,2166,2209.596,2303.524,2404.619,2495.868,2541.406,2586.192,2632.306,2696.14,2766.748,2849.234,2908.803,2977.898,3061.564,3133.63,3169.992,3208.723,3237.45,3260.48,3262.281,3275.818,3303.862,3367.567,3459.995,3560.884,3653.91,3738.061,3812.716,3891.293,3968.967,4056.133,4326.921,4425.687,4490.406,4528.732,4575.013,4631.888,4720.423,4803.868,4889.73,4972.195,5048.029,5116.411,5186.33,5262.556,5342.311,5440.445,5530.105,5607.154
"7","CT",2016,2028,2081,2168,2249,2300,2316,2359,2446,2523,2544,2586,2647,2727,2798,2857,2903,2935,2964,3000,3032.217,3060.938,3068.699,3067.814,3074.047,3082.5,3083.335,3085.722,3091.627,3095.917,3113.174,3128.836,3139.013,3162.354,3180.014,3201.131,3223.74,3247.291,3271.953,3283.403,3289.056,3288.64,3274.997,3272.325,3268.346,3265.293,3267.03,3268.514,3272.563,3282.031,3411.777,3432.835,3458.749,3484.336,3496.094,3506.956,3517.46,3527.27,3545.579,3561.807,3580.171,3591.927,3597.705,3602.47,3600.188,3593.862,3587.685,3588.184
"8","DE",321,331,341,351,368,389,408,426,433,441,449,461,469,483,497,507,516,525,534,540,548.104,564.708,572.913,577.759,581.418,586.589,590.166,591.829,594.776,594.984,594.919,595.975,599.148,605.458,611.565,618.28,627.559,636.947,647.622,658.273,669.063,680.495,690.158,699.475,708.416,718.265,727.09,735.024,744.066,753.538,786.373,795.699,806.169,818.003,830.803,845.15,859.268,871.749,883.874,891.73,899.712,907.884,916.868,925.114,934.805,944.107,952.698,961.939
"9","FL",2810,2980,3157,3310,3505,3747,4047,4372,4630,4808,5004,5243,5458,5628,5781,5954,6104,6242,6433,6641,6791.418,7158.304,7511.463,7913.696,8298.762,8518.422,8667.379,8856.183,9102.032,9426.159,9839.835,10192.774,10471.407,10749.851,11039.925,11351.118,11667.505,11997.283,12306.395,12637.715,13018.365,13289.497,13504.775,13713.593,13961.798,14185.403,14426.911,14683.35,14908.23,15111.244,16047.515,16356.966,16689.37,17004.085,17415.318,17842.038,18166.99,18367.842,18527.305,18652.644,18846.461,19097.369,19341.327,19584.927,19897.747,20268.567,20656.589,20984.4
"10","GA",3458,3531,3584,3558,3602,3636,3701,3766,3804,3868,3956,4015,4086,4172,4258,4332,4379,4408,4482,4551,4587.93,4711.55,4809.49,4910.374,4999.419,5064.075,5132.812,5219.697,5295.751,5401.384,5486.174,5568.345,5649.792,5728.25,5834.954,5962.661,6084.666,6208.467,6316.142,6411.099,6506.531,6621.279,6759.474,6894.092,7045.9,7188.538,7332.225,7486.094,7636.522,7788.24,8227.303,8377.038,8508.256,8622.793,8769.252,8925.922,9155.813,9349.988,9504.843,9620.846,9712.696,9810.595,9911.171,9981.773,10083.85,10199.533,10313.62,10429.379
"11","HI",498,514,517,510,505,539,559,584,605,622,642,659,684,682,700,704,710,723,734,750,769.913,801.644,828.331,851.595,867.978,886.16,904.191,918.259,931.584,953.306,967.71,978.195,993.78,1012.717,1027.922,1039.698,1051.762,1067.918,1079.828,1094.588,1112.703,1131.412,1149.926,1161.508,1173.903,1180.49,1184.434,1189.322,1190.472,1185.497,1213.519,1225.948,1239.613,1251.154,1273.569,1292.729,1309.731,1315.675,1332.213,1346.717,1363.817,1378.323,1392.772,1408.038,1417.71,1426.32,1428.683,1427.538
"12","IA",2625,2617,2626,2629,2626,2679,2703,2716,2708,2729,2756,2756,2750,2747,2746,2742,2762,2793,2803,2805,2825.368,2851.705,2860.287,2863.715,2867.53,2880.847,2903.082,2913.573,2918.069,2915.739,2914.018,2907.983,2888.189,2870.543,2858.618,2829.684,2791.97,2767.011,2768.388,2770.592,2779.769,2791.227,2806.923,2820.525,2829.422,2840.86,2848.473,2854.396,2861.025,2869.413,2929.067,2931.997,2934.234,2941.999,2953.635,2964.454,2982.644,2999.212,3016.734,3032.87,3050.223,3063.69,3074.386,3089.876,3105.563,3118.473,3130.869,3145.711
"13","ID",590,589,587,596,600,618,628,642,646,657,671,684,692,683,680,686,689,688,695,707,713.015,738.753,763.237,782.074,807.99,831.982,856.983,883.469,910.69,932.627,947.983,962.204,973.721,981.869,990.839,994.051,990.224,984.997,985.664,994.416,1011.882,1038.915,1066.49,1101.204,1135.459,1165,1187.706,1210.638,1230.923,1251.7,1299.43,1319.962,1340.372,1363.38,1391.802,1428.241,1468.669,1505.105,1534.32,1554.439,1570.912,1583.18,1594.673,1610.187,1630.391,1649.324,1680.026,1716.943
"14","IL",8738,8790,8956,9065,9252,9435,9530,9668,9886,9986,10086,10130,10280,10402,10580,10693,10836,10947,10995,11039,11110.285,11202.397,11251.948,11251.367,11262.145,11291.743,11342.853,11386.316,11412.561,11396.837,11434.702,11443.458,11423.412,11408.818,11412.132,11399.806,11387.257,11391.178,11390.183,11409.782,11446.979,11535.973,11635.197,11725.984,11804.986,11884.935,11953.003,12011.509,12069.774,12128.37,12434.161,12488.445,12525.556,12556.006,12589.773,12609.903,12643.955,12695.866,12747.038,12796.778,12841.196,12862.298,12878.494,12890.403,12882.438,12862.051,12835.726,12802.023
"15","IN",3967,4096,4148,4182,4264,4363,4458,4529,4583,4613,4674,4730,4736,4799,4856,4922,4999,5053,5093,5143,5195.392,5253.396,5302.435,5338.277,5361.89,5365.766,5389.088,5425.638,5470.214,5501.174,5490.721,5480.435,5467.922,5450.395,5458.322,5459.211,5454.108,5473.012,5491.735,5523.693,5555.097,5602.062,5648.649,5701.965,5745.626,5791.819,5834.908,5872.37,5907.617,5942.901,6091.866,6127.76,6155.967,6196.638,6233.007,6278.616,6332.669,6379.599,6424.806,6459.325,6490.029,6515.358,6535.665,6567.484,6593.182,6610.596,6634.007,6666.818
"16","KS",1916,1950,1977,1994,2042,2093,2119,2128,2142,2160,2183,2215,2231,2217,2209,2206,2200,2197,2216,2236,2249.071,2246.6,2256.375,2265.603,2269.499,2280.578,2301.001,2320.647,2335.657,2350.906,2369.039,2384.849,2401.202,2415.531,2424.086,2427.405,2432.619,2445.367,2461.996,2472.849,2480.683,2495.209,2526.042,2547.605,2569.118,2586.942,2598.266,2616.339,2638.667,2654.052,2693.681,2702.162,2713.535,2723.004,2734.373,2745.299,2762.931,2783.785,2808.076,2832.704,2858.403,2868.756,2885.316,2892.9,2899.553,2905.789,2907.731,2913.123
"17","KY",2936,2941,2920,2903,2902,2910,2898,2928,2961,2999,3041,3054,3079,3096,3129,3140,3147,3172,3195,3198,3220.711,3298.053,3335.728,3371.024,3416.315,3467.769,3529.257,3573.693,3609.976,3641.804,3664.221,3670.394,3683.445,3694.484,3695.453,3694.826,3687.809,3683.329,3679.999,3677.306,3692.584,3714.686,3756.358,3792.288,3823.215,3855.248,3881.051,3907.816,3934.31,3960.825,4049.021,4068.132,4089.875,4117.17,4146.101,4182.742,4219.239,4256.672,4289.878,4317.074,4347.948,4368.505,4383.673,4399.121,4410.415,4422.057,4436.113,4454.189
"18","LA",2697,2769,2842,2866,2883,2946,3032,3115,3155,3208,3260,3287,3345,3377,3446,3496,3550,3581,3603,3619,3644.637,3710.487,3761.646,3788.375,3820.109,3886.104,3950.605,4014.459,4068.579,4137.665,4223.101,4283.303,4352.608,4395.316,4400.477,4408.118,4406.919,4344.148,4288.863,4252.894,4219.179,4240.95,4270.849,4284.749,4306.5,4327.978,4338.763,4351.39,4362.758,4372.035,4471.885,4477.875,4497.267,4521.042,4552.238,4576.628,4302.665,4375.581,4435.586,4491.648,4544.871,4574.388,4602.681,4626.795,4648.797,4671.211,4686.157,4684.333
"19","MA",4686,4654,4650,4806,4910,4882,4891,4929,5010,5117,5160,5219,5263,5344,5448,5502,5535,5594,5618,5650,5689.17,5737.58,5760.302,5781.172,5773.548,5757.756,5743.672,5738.199,5736.469,5738.404,5746.075,5768.685,5771.222,5799.407,5840.773,5880.733,5902.678,5935.204,5979.982,6015.478,6018.664,5998.652,5993.474,6010.884,6031.352,6062.335,6085.393,6115.476,6144.407,6175.169,6361.104,6397.634,6417.206,6422.565,6412.281,6403.29,6410.084,6431.559,6468.967,6517.613,6564.943,6612.178,6659.627,6711.138,6757.925,6794.002,6823.721,6859.819
"20","MD",2355,2441,2500,2567,2685,2742,2811,2873,2982,3066,3113,3176,3263,3386,3492,3600,3695,3757,3815,3868,3923.897,4018.324,4073.499,4097.974,4118.815,4139.096,4150.539,4169.595,4183.603,4191.16,4227.643,4261.905,4282.923,4313.327,4365.243,4413.071,4486.957,4565.557,4657.904,4727.301,4797.431,4856.176,4902.545,4942.504,4985.411,5023.65,5057.142,5092.914,5130.072,5171.634,5311.034,5374.691,5440.389,5496.269,5546.935,5592.379,5627.367,5653.408,5684.965,5730.388,5788.099,5843.115,5891.68,5932.654,5970.245,6000.561,6024.752,6052.177
"21","ME",917,916,915,913,927,934,938,943,944,957,975,995,994,993,993,997,999,1004,994,992,993.722,1015.39,1034.292,1045.655,1059.04,1071.995,1088.412,1103.578,1113.566,1122.563,1126.86,1133.033,1136.684,1144.772,1155.635,1162.936,1170.126,1184.574,1203.84,1219.961,1231.296,1235.439,1235.748,1238.256,1237.687,1237.438,1241.436,1245.215,1247.554,1253.04,1277.072,1285.692,1295.96,1306.513,1313.688,1318.787,1323.619,1327.04,1330.509,1329.59,1327.568,1327.968,1328.101,1327.975,1328.903,1327.787,1330.232,1335.907
"22","MI",6407,6497,6650,6822,7066,7285,7467,7569,7667,7767,7834,7893,7933,8058,8187,8357,8512,8630,8696,8781,8881.826,8974.186,9028.944,9077.956,9117.507,9117.668,9129.205,9171.11,9217.761,9266.268,9255.553,9209.287,9115.198,9047.754,9049.452,9076.293,9127.775,9187.481,9217.998,9253.295,9310.462,9395.022,9470.323,9529.24,9584.481,9659.871,9739.184,9785.45,9820.231,9863.775,9952.45,9991.12,10015.71,10041.152,10055.315,10051.137,10036.081,10001.284,9946.889,9901.591,9876.731,9876.199,9886.61,9899.219,9914.675,9918.17,9933.445,9962.311
"23","MN",2997,3010,3030,3050,3113,3172,3240,3274,3313,3366,3425,3470,3513,3531,3558,3592,3617,3659,3703,3758,3806.103,3853.486,3869.747,3889.332,3903.925,3932.515,3964.68,3989.364,4015.341,4050.316,4085.017,4111.728,4131.45,4141.456,4157.706,4184.302,4205.212,4235.136,4296.166,4338.057,4387.283,4427.429,4471.503,4521.709,4566.028,4605.445,4647.723,4687.726,4726.411,4775.508,4933.692,4982.796,5018.935,5053.572,5087.713,5119.598,5163.555,5207.203,5247.018,5281.203,5310.711,5345.967,5377.695,5416.074,5452.649,5483.238,5525.05,5576.606
"24","MO",3964,4015,3972,4020,4066,4134,4163,4189,4186,4258,4326,4349,4357,4392,4442,4467,4523,4539,4568,4640,4677.623,4725.764,4758.78,4782.645,4795.93,4808.308,4839.029,4863.173,4889.399,4912.43,4921.966,4932.064,4929.451,4943.733,4975.278,5000.268,5023.068,5056.696,5081.736,5095.83,5126.37,5157.77,5193.686,5237.757,5281.206,5324.61,5367.888,5407.113,5437.562,5468.338,5607.285,5641.142,5674.825,5709.403,5747.741,5790.3,5842.704,5887.612,5923.916,5961.088,5995.681,6010.28,6023.267,6041.142,6058.014,6072.64,6091.176,6113.532
"25","MS",2176,2163,2152,2105,2064,2060,2086,2088,2086,2138,2182,2206,2243,2244,2241,2246,2245,2228,2219,2220,2216.994,2265.432,2307.117,2349.546,2378.268,2399.449,2429.756,2459.201,2487.816,2507.069,2525.342,2539.036,2556.777,2567.717,2578.051,2588.102,2593.597,2588.545,2580.352,2574.269,2577.426,2591.23,2610.193,2635.574,2663.45,2690.788,2709.925,2731.826,2751.335,2768.619,2848.353,2852.994,2858.681,2868.312,2889.01,2905.943,2904.978,2928.35,2947.806,2958.774,2970.437,2977.452,2982.963,2987.721,2988.578,2985.297,2985.415,2984.1
"26","MT",593,596,602,616,624,636,656,667,666,669,679,696,698,703,706,706,707,701,700,694,694.409,710.814,718.732,726.798,736.419,748.208,757.317,769.953,782.317,787.305,788.752,795.328,803.986,814.031,820.905,822.32,813.739,805.063,800.202,799.636,799.824,807.837,822.436,839.876,854.923,868.522,876.656,878.706,879.533,882.779,903.773,906.961,911.667,919.63,930.009,940.102,952.692,964.706,976.415,983.982,990.507,996.866,1003.522,1011.921,1019.931,1028.317,1038.656,1050.493
"27","NC",4068,4120,4109,4120,4131,4242,4309,4368,4376,4458,4573,4663,4707,4742,4802,4863,4896,4952,5004,5031,5084.411,5203.531,5301.15,5389.852,5470.911,5547.188,5607.964,5685.607,5759.492,5823.491,5898.98,5956.653,6019.101,6077.056,6164.006,6253.954,6321.578,6403.7,6480.594,6565.459,6656.987,6748.135,6831.85,6947.412,7060.959,7185.403,7307.658,7428.672,7545.828,7650.789,8081.614,8210.122,8326.201,8422.501,8553.152,8705.407,8917.27,9118.037,9309.449,9449.566,9574.247,9662.94,9755.299,9849.812,9941.16,10041.769,10156.689,10273.419
"28","ND",619,604,608,609,611,615,613,612,606,618,634,641,637,644,649,649,647,626,621,621,617.792,626.76,631.119,632.675,634.559,638.886,645.797,649.769,651.301,652.896,654.38,659.505,668.972,676.688,680.497,676.98,669.512,661.136,655.331,646.351,637.364,634.199,635.427,637.229,639.762,641.548,642.858,640.945,637.808,633.666,642.023,639.062,638.168,638.817,644.705,646.089,649.422,652.822,657.569,664.968,674.518,684.83,701.38,722.908,738.658,754.859,755.548,755.393
"29","NE",1327,1316,1311,1318,1340,1374,1397,1394,1383,1397,1417,1446,1464,1476,1482,1471,1456,1457,1467,1474,1485.333,1504.604,1519.013,1529.567,1539.191,1543.117,1550.911,1556.842,1563.884,1567.344,1572.296,1578.515,1581.78,1584.293,1588.639,1584.664,1574.333,1566.547,1571.477,1574.864,1580.664,1590.805,1602.406,1612.149,1621.551,1635.142,1647.657,1656.042,1660.772,1666.028,1713.82,1719.836,1728.292,1738.643,1749.37,1761.497,1772.693,1783.44,1796.378,1812.683,1829.956,1841.641,1854.862,1867.414,1880.92,1893.564,1907.603,1920.076
"30","NH",532,529,535,547,554,557,566,572,581,596,609,618,632,649,663,676,681,697,709,724,737.681,761.851,781.107,800.951,815.914,828.555,845.248,869.763,891.52,909.074,924.25,936.621,947.719,958.134,976.864,996.753,1025.053,1054.289,1082.577,1104.522,1111.831,1107.055,1112.766,1122.191,1133.054,1145.604,1160.768,1173.239,1185.823,1201.134,1239.882,1255.517,1269.089,1279.84,1290.121,1298.492,1308.389,1312.54,1315.906,1316.102,1316.7,1318.345,1320.923,1322.622,1328.684,1330.134,1335.015,1342.795
"31","NJ",4872,5006,5125,5229,5360,5502,5615,5737,5890,6015,6103,6265,6376,6531,6660,6767,6851,6928,7005,7095,7171.112,7281.107,7335.042,7333.083,7332.411,7337.765,7339.745,7337.169,7350.804,7366.512,7376.33,7407.472,7430.968,7467.785,7515.473,7565.528,7622.159,7670.742,7712.333,7726.089,7757.158,7784.269,7827.77,7874.891,7918.796,7965.523,8009.624,8054.178,8095.542,8143.412,8430.621,8492.671,8552.643,8601.402,8634.561,8651.974,8661.679,8677.885,8711.09,8755.602,8803.708,8844.694,8882.095,8913.735,8943.01,8960.001,8978.416,9005.644
"32","NM",689,717,735,756,763,785,806,847,886,919,954,965,979,989,1006,1012,1007,1000,994,1011,1017.055,1053.737,1078.697,1105.529,1131.309,1159.944,1189.295,1215.72,1238.034,1284.722,1309.4,1332.748,1363.823,1394.361,1416.717,1438.361,1462.729,1478.52,1490.337,1503.901,1519.933,1547.115,1580.75,1614.937,1653.329,1682.417,1706.151,1722.939,1733.535,1739.844,1821.204,1831.69,1855.309,1877.574,1903.808,1932.274,1962.137,1990.07,2010.662,2036.802,2064.607,2077.744,2083.59,2085.161,2083.207,2082.264,2085.432,2088.07
"33","NV",162,168,181,195,213,237,250,260,269,279,291,315,352,397,426,444,446,449,464,480,488.738,520.018,546.789,568.991,596.822,619.972,646.975,678.333,719.436,765.367,810.215,847.655,881.537,901.977,924.922,951.03,980.613,1023.376,1075.022,1137.382,1218.629,1285.046,1330.694,1380.197,1456.388,1525.777,1596.476,1675.581,1743.772,1809.253,2018.741,2098.399,2173.791,2248.85,2346.222,2432.143,2522.658,2601.072,2653.63,2684.665,2702.797,2718.17,2752.41,2786.547,2831.73,2883.057,2939.254,2998.039
"34","NY",14865,14890,15192,15527,15814,15966,16112,16374,16601,16685,16838,17061,17301,17461,17589,17734,17843,17935,18051,18105,18241.391,18357.982,18339.4,18177.063,18049.775,18003.485,17940.541,17812.602,17680.589,17583.838,17566.754,17567.734,17589.738,17686.905,17745.684,17791.672,17833.419,17868.848,17941.309,17983.086,18002.855,18029.532,18082.032,18140.894,18156.652,18150.928,18143.805,18143.184,18159.175,18196.601,19001.78,19082.838,19137.8,19175.939,19171.567,19132.61,19104.631,19132.335,19212.436,19307.066,19405.185,19526.372,19625.409,19712.514,19773.58,19819.347,19836.286,19849.399
"35","OH",7980,8061,8275,8591,8873,9017,9207,9410,9599,9671,9734,9854,9929,9986,10080,10201,10330,10414,10516,10563,10657.423,10734.818,10746.993,10767.314,10765.759,10770.425,10752.662,10771.394,10795.581,10798.298,10800.65,10788.33,10757.087,10737.632,10737.746,10734.926,10730.268,10760.09,10798.552,10829.217,10861.837,10933.683,11007.609,11070.385,11111.451,11155.493,11187.032,11212.498,11237.752,11256.654,11363.543,11387.404,11407.889,11434.788,11452.251,11463.32,11481.213,11500.468,11515.391,11528.896,11539.282,11543.332,11546.969,11567.845,11593.741,11606.027,11622.554,11658.609
"36","OK",2229,2210,2219,2182,2209,2250,2273,2282,2267,2289,2336,2380,2427,2439,2446,2440,2454,2489,2503,2535,2559.463,2618.601,2658.646,2695.931,2734.768,2774.683,2826.815,2870.014,2917.336,2975.31,3040.758,3096.164,3206.123,3290.402,3285.533,3271.332,3252.735,3210.122,3167.057,3150.307,3147.105,3166.471,3204.174,3228.829,3246.119,3265.547,3289.634,3314.259,3339.478,3358.044,3454.365,3467.1,3489.08,3504.892,3525.233,3548.597,3594.09,3634.349,3668.976,3717.572,3759.529,3785.232,3815.298,3849.84,3875.008,3904.353,3921.207,3930.864
"37","OR",1532,1556,1582,1601,1626,1659,1698,1712,1718,1746,1772,1787,1818,1853,1888,1937,1969,1979,2004,2062,2091.533,2151.022,2197.297,2241.932,2285.013,2329.661,2378.262,2446.673,2518.298,2588.012,2641.218,2667.982,2664.922,2653.066,2666.588,2672.652,2683.528,2700.991,2741.297,2790.575,2858.547,2918.745,2973.934,3034.49,3087.142,3141.421,3195.087,3243.254,3282.055,3316.154,3429.708,3467.937,3513.424,3547.376,3569.463,3613.202,3670.883,3722.417,3768.748,3808.6,3837.073,3865.845,3893.92,3919.664,3960.673,4016.537,4085.989,4142.776
"38","PA",10507,10461,10503,10662,10817,10939,10972,10954,11058,11234,11329,11392,11355,11424,11519,11620,11664,11681,11741,11741,11800.766,11886.4,11908.233,11890.527,11870.884,11906.095,11897.378,11893.591,11879.396,11887.975,11868.305,11858.567,11845.146,11837.723,11815.172,11770.862,11782.752,11810.866,11845.752,11865.996,11895.604,11943.16,11980.819,12022.128,12042.545,12044.78,12038.008,12015.888,12002.329,11994.016,12284.173,12298.97,12331.031,12374.658,12410.722,12449.99,12510.809,12563.937,12612.285,12666.858,12711.063,12742.811,12768.034,12778.45,12790.341,12791.124,12787.085,12805.537
"39","RI",786,784,802,815,816,823,840,851,858,857,855,858,871,876,885,893,899,909,922,932,949.723,963.107,974.79,975.738,950.615,942.788,946.089,950.23,951.816,950.382,948.773,953.013,954.17,956.382,961.894,968.955,977.341,989.604,996.408,1000.666,1004.649,1003.99,1000.571,997.852,993.412,989.203,987.858,986.966,987.704,990.819,1050.268,1057.142,1065.995,1071.342,1074.579,1067.916,1063.096,1057.315,1055.003,1053.646,1053.169,1052.154,1052.761,1052.784,1054.782,1055.916,1057.566,1059.639
"40","SC",2113,2167,2178,2181,2176,2200,2229,2274,2304,2348,2392,2409,2423,2460,2475,2494,2520,2533,2559,2570,2590.713,2662.269,2719.197,2776.605,2844.749,2902.028,2943.657,2991.681,3044.364,3090.267,3134.502,3179.255,3207.614,3234.066,3271.868,3303.209,3342.758,3380.506,3412.096,3456.775,3499.064,3559.47,3600.576,3634.507,3666.456,3699.943,3738.974,3790.066,3839.578,3885.736,4024.223,4064.995,4107.795,4150.297,4210.921,4270.15,4357.847,4444.11,4528.996,4589.872,4635.834,4672.744,4719.009,4765.862,4824.758,4892.423,4959.822,5024.369
"41","SD",655,655,651,648,655,663,670,666,656,667,683,693,705,708,701,692,683,671,669,668,666.257,671.297,677.234,678.715,679.585,681.042,686.39,688.48,688.58,688.335,690.851,689.584,690.597,693.008,697.249,698.402,696.034,696.036,698.165,696.701,696.667,701.445,708.698,716.258,723.038,728.251,730.699,730.855,730.789,733.133,755.844,757.972,760.02,763.729,770.396,775.493,783.033,791.623,799.124,807.067,816.227,823.338,832.576,842.513,849.455,854.036,861.542,869.666
"42","TN",3315,3372,3352,3319,3359,3415,3415,3434,3471,3522,3575,3622,3673,3718,3771,3798,3822,3859,3878,3897,3926.018,4013.608,4094.611,4147.401,4213.509,4275.566,4346.928,4422.921,4486.314,4560.473,4600.252,4627.658,4646.041,4659.749,4686.737,4715.296,4738.708,4782.927,4822.437,4854.444,4890.626,4946.886,5013.999,5085.666,5163.016,5241.168,5313.576,5378.433,5432.679,5483.535,5703.719,5750.789,5795.918,5847.812,5910.809,5991.057,6088.766,6175.727,6247.411,6306.019,6355.882,6396.281,6450.632,6490.795,6540.007,6590.726,6649.404,6715.984
"43","TX",7776,8111,8314,8336,8382,8660,8830,9070,9252,9405,9624,9820,10053,10159,10270,10378,10492,10599,10819,11045,11198.655,11509.848,11759.148,12019.543,12268.629,12568.843,12904.089,13193.05,13500.429,13888.371,14338.208,14746.318,15331.415,15751.676,16007.086,16272.734,16561.113,16621.791,16667.022,16806.735,17044.714,17339.904,17650.479,17996.764,18338.319,18679.706,19006.24,19355.427,19712.389,20044.141,20944.499,21319.622,21690.325,22030.931,22394.023,22778.123,23359.58,23831.983,24309.039,24801.761,25241.648,25644.424,26078.327,26479.279,26954.436,27454.88,27904.862,28304.596
"44","UT",696,706,724,739,750,783,809,826,845,870,900,936,958,974,978,994,1009,1019,1029,1047,1059.273,1101.192,1135.449,1170.04,1200.471,1236.03,1274.928,1319.512,1367.51,1420.238,1472.595,1515.471,1558.314,1594.943,1622.342,1642.91,1662.834,1678.119,1689.372,1705.864,1729.722,1771.941,1821.498,1875.993,1930.436,1976.774,2022.253,2065.397,2100.562,2129.836,2244.502,2283.715,2324.815,2360.137,2401.58,2457.719,2525.507,2597.746,2663.029,2723.421,2775.26,2815.43,2854.222,2899.961,2938.671,2984.917,3044.321,3101.833
"45","VA",3315,3434,3504,3557,3555,3588,3722,3844,3914,3951,3986,4095,4180,4276,4357,4411,4456,4508,4558,4614,4651.448,4750.838,4824.472,4901.292,4971.069,5047.395,5121.863,5193.112,5270.24,5307.945,5368.334,5444.097,5492.783,5564.657,5643.87,5715.153,5811.7,5932.268,6036.909,6120.246,6213.526,6283.853,6383.315,6464.795,6536.771,6601.392,6665.491,6732.878,6789.225,6872.912,7105.817,7198.362,7286.873,7366.977,7475.575,7577.105,7673.725,7751,7833.496,7925.937,8025.206,8107.548,8188.656,8261.689,8316.902,8366.767,8414.38,8470.02
"46","VT",379,378,375,379,377,375,377,376,380,387,389,390,393,397,399,404,413,423,430,437,444.732,454.318,463.143,468.43,473.002,479.713,484.928,491.931,498.109,505.372,512.524,515.594,519.109,523.302,526.66,530.035,534.066,540.267,549.763,557.707,564.526,567.141,570.115,574.004,578.9,582.827,586.352,588.665,590.579,593.74,609.618,612.223,615.442,617.858,619.92,621.215,622.892,623.481,624.151,624.817,625.842,626.21,625.606,626.044,625.665,624.455,623.354,623.657
"47","WA",2387,2424,2448,2466,2516,2604,2668,2724,2773,2821,2855,2882,2942,2955,2961,2967,3057,3174,3270,3343,3413.244,3447.553,3447.885,3478.782,3549.946,3621.339,3693.61,3776.05,3889.073,4017.632,4154.678,4235.731,4276.552,4300.266,4343.656,4400.098,4452.72,4531.901,4639.893,4746.316,4900.78,5013.443,5139.011,5247.704,5334.896,5431.024,5509.963,5604.105,5687.832,5756.361,5910.512,5985.722,6052.349,6104.115,6178.645,6257.305,6370.753,6461.587,6562.231,6667.426,6741.386,6819.155,6890.899,6963.41,7046.931,7152.818,7280.934,7405.743
"48","WI",3438,3439,3469,3506,3608,3679,3742,3791,3843,3891,3962,4009,4049,4112,4165,4232,4274,4303,4345,4378,4417.821,4462.155,4502.412,4524.244,4545.782,4578.986,4595.904,4626.514,4646.108,4682.811,4712.045,4726.343,4728.87,4721.438,4735.563,4747.767,4755.618,4777.919,4822.388,4856.574,4902.265,4952.675,5004.636,5055.318,5095.504,5137.004,5173.828,5200.235,5222.124,5250.446,5373.999,5406.835,5445.162,5479.203,5514.026,5546.166,5577.655,5610.775,5640.996,5669.264,5690.403,5705.812,5721.075,5736.673,5751.272,5759.744,5772.917,5795.483
"49","WV",2006,1984,1957,1929,1905,1880,1857,1843,1845,1855,1853,1828,1809,1796,1797,1786,1775,1769,1763,1746,1744.237,1770.657,1797.648,1806.36,1815.447,1842.25,1879.503,1908.088,1923.395,1942.146,1951.349,1954.124,1949.604,1945.061,1927.697,1906.831,1882.35,1857.585,1830.215,1806.568,1792.481,1798.212,1805.462,1816.179,1818.49,1820.56,1818.983,1815.588,1811.688,1806.928,1807.021,1801.481,1805.414,1812.295,1816.438,1820.492,1827.912,1834.052,1840.31,1847.775,1854.315,1854.891,1855.36,1852.333,1847.624,1839.767,1828.637,1815.857
"50","WY",290,291,293,290,293,307,312,314,315,320,331,337,333,336,339,332,323,322,324,329,332.416,340.285,347.345,354.061,365.501,381.695,396.952,413.354,432.88,454.378,474.185,491.712,506.4,510.345,504.896,499.695,495.633,476.965,465.101,458.374,453.401,457.739,463.491,469.033,474.982,478.447,480.085,480.031,480.045,479.602,494.3,494.657,500.017,503.453,509.106,514.157,522.667,534.876,546.043,559.851,564.376,567.602,576.608,582.341,583.334,586.102,584.91,579.315
