"","state","year","rgdp","pop","primind"
"1","AK","1997",29943.845542501,608.846,0.238662265
"2","AK","1998",23642.256718791,615.205,0.149521432
"3","AK","1999",21381.6950271408,619.5,0.147828553
"4","AK","2000",20513.3026925631,627.963,0.18359215
"5","AK","2001",19409.134028655,633.714,0.155990614
"6","AK","2002",16920.554171337,642.337,0.165675503
"7","AK","2003",15263.6283732233,648.414,0.175536065
"8","AK","2004",11713.8853420085,659.286,0.216025004
"9","AK","2005",9059.3438731043,666.946,0.269800065
"10","AK","2006",7516.3187801538,675.302,0.318203183
"11","AK","2007",6997.8833391765,680.3,0.342825782
"12","AK","2008",60212.306211981,687.455,0.390995474
"13","AK","2009",49648.7391094611,698.895,0.313913164
"14","AK","2010",46891.7792334808,714.015,0.328333395
"15","AK","2011",44886.6477828293,722.259,0.362974183
"16","AK","2012",41390.47284015,730.825,0.361750698
"17","AK","2013",34001.428077792,736.76,0.336426565
"18","AK","2014",27723.1206434224,736.759,0.296466868
"19","AK","2015",17456.1687290144,737.979,0.197605247
"20","AK","2016",11428.9333807862,741.522,0.16376479
"21","AK","2017",8880.6587453958,739.795,0.196290894
"22","AL","1997",111967.215339645,4320.281,0.029783723
"23","AL","1998",108032.623511495,4351.037,0.029036504
"24","AL","1999",97030.195104823,4369.862,0.02715298
"25","AL","2000",88973.916428012,4452.173,0.025390691
"26","AL","2001",81367.6399639544,4467.634,0.027617202
"27","AL","2002",69349.5365139532,4480.089,0.021943647
"28","AL","2003",61383.6605840688,4503.491,0.028231687
"29","AL","2004",43973.1280968691,4530.729,0.033267796
"30","AL","2005",31917.103677525,4569.805,0.03446252
"31","AL","2006",26235.2716000456,4628.981,0.030644259
"32","AL","2007",23864.9879350311,4672.84,0.031455424
"33","AL","2008",184444.366771894,4718.206,0.034758987
"34","AL","2009",166189.985068978,4757.938,0.0308291
"35","AL","2010",147390.735006422,4785.579,0.033003263
"36","AL","2011",135056.903137849,4798.649,0.02964603
"37","AL","2012",123141.246529286,4813.946,0.0296162
"38","AL","2013",103215.95989614,4827.66,0.034815231
"39","AL","2014",88596.7728431816,4840.037,0.029721704
"40","AL","2015",59773.2271548676,4850.858,0.028723149
"41","AL","2016",41578.9760003463,4860.545,0.022409293
"42","AL","2017",33650.5307118468,4874.747,0.027494146
"43","AR","1997",66406.728479637,2524.007,0.051657646
"44","AR","1998",64240.9231064,2538.202,0.043050984
"45","AR","1999",61677.820744122,2551.373,0.038971745
"46","AR","2000",55874.6753316414,2678.588,0.03562034
"47","AR","2001",50962.5560941348,2691.571,0.038574998
"48","AR","2002",46279.0157755275,2705.927,0.031067385
"49","AR","2003",39596.7395876616,2724.816,0.039886257
"50","AR","2004",35552.216870478,2749.686,0.051066725
"51","AR","2005",23571.5391636658,2781.097,0.040268382
"52","AR","2006",17611.0631213172,2821.761,0.040932528
"53","AR","2007",14495.9532464824,2848.65,0.049227799
"54","AR","2008",109888.700345582,2874.554,0.062521284
"55","AR","2009",101114.33613632,2896.843,0.052570904
"56","AR","2010",95177.8958769108,2921.737,0.055201018
"57","AR","2011",87119.7996236802,2938.64,0.060510593
"58","AR","2012",78567.6036632552,2949.208,0.058548331
"59","AR","2013",71486.17392882,2956.78,0.072045153
"60","AR","2014",59290.5555714252,2964.8,0.068094919
"61","AR","2015",49654.514222838,2975.626,0.047614649
"62","AR","2016",31650.465705705,2988.231,0.038317873
"63","AR","2017",23196.5624161864,3004.279,0.037472582
"64","AZ","1997",140520.74244438,4552.207,0.023291738
"65","AZ","1998",143768,4667.277,0.021388626
"66","AZ","1999",139844.293269137,4778.332,0.019097634
"67","AZ","2000",131021.902227331,5160.586,0.01844954
"68","AZ","2001",120399.713524608,5273.477,0.016170598
"69","AZ","2002",107618.885828065,5396.255,0.015784639
"70","AZ","2003",95051.4119801595,5510.364,0.015683629
"71","AZ","2004",77147.8249109952,5652.404,0.019756437
"72","AZ","2005",56112.5479635306,5839.077,0.022589924
"73","AZ","2006",44238.3736077672,6029.141,0.025122857
"74","AZ","2007",37864.6776085445,6167.681,0.026922857
"75","AZ","2008",279041.48360396,6280.362,0.027555528
"76","AZ","2009",242509,6343.154,0.025735127
"77","AZ","2010",220021.568662732,6407.002,0.032523568
"78","AZ","2011",200737.254514259,6465.488,0.039997325
"79","AZ","2012",184974.933669026,6544.211,0.036306211
"80","AZ","2013",162064.376999698,6616.124,0.03484318
"81","AZ","2014",138651.19398942,6706.435,0.033301431
"82","AZ","2015",110851.813042498,6802.262,0.025879762
"83","AZ","2016",75116.1021848199,6908.642,0.023912708
"84","AZ","2017",56949.61260588,7016.27,0.025699547
"85","CA","1997",1165810.14371814,32217.708,0.023455676
"86","CA","1998",1212030.51368535,32682.794,0.018505472
"87","CA","1999",1186691.37012194,33145.121,0.017930202
"88","CA","2000",1124340.93905106,33987.977,0.018285467
"89","CA","2001",1013031.5335085,34479.458,0.017588033
"90","CA","2002",921006.874616617,34871.843,0.017110714
"91","CA","2003",793855.782690297,35253.159,0.01857729
"92","CA","2004",728028.442379714,35574.576,0.020714444
"93","CA","2005",491050.756533372,35827.943,0.021322324
"94","CA","2006",360436.95910024,36021.202,0.022562676
"95","CA","2007",299310.709475956,36250.311,0.025032162
"96","CA","2008",2230162.1122796,36604.337,0.02673134
"97","CA","2009",2013294.65127017,36961.229,0.02365705
"98","CA","2010",1869301.87101949,37327.69,0.025852974
"99","CA","2011",1679750.90236343,37672.654,0.028586203
"100","CA","2012",1568834.35405674,38019.006,0.027807352
"101","CA","2013",1431053.61920934,38347.383,0.027426692
"102","CA","2014",1229192.95773788,38701.278,0.025528632
"103","CA","2015",1110869.09308154,39032.444,0.019332977
"104","CA","2016",728126.342717341,39296.476,0.017286733
"105","CA","2017",526769.893991314,39536.653,0.016614165
"106","CO","1997",18707.9550908228,3891.293,0.024913887
"107","CO","1998",160843.701211395,3968.967,0.022191226
"108","CO","1999",162753.920855807,4056.133,0.02009282
"109","CO","2000",153108.864488842,4326.921,0.021450454
"110","CO","2001",140620.950020505,4425.687,0.024331767
"111","CO","2002",127904.508252274,4490.406,0.021645223
"112","CO","2003",107821.437706752,4528.732,0.029857503
"113","CO","2004",93290.4843067192,4575.013,0.038013729
"114","CO","2005",65950.8669456026,4631.888,0.053013327
"115","CO","2006",47223.060190696,4720.423,0.055829596
"116","CO","2007",39232.7918790258,4803.868,0.055357005
"117","CO","2008",35783.3670900288,4889.73,0.0726066
"118","CO","2009",264168.05817503,4972.195,0.053763093
"119","CO","2010",250175.095962139,5048.029,0.060128506
"120","CO","2011",221637.837045116,5116.411,0.068655103
"121","CO","2012",203932.073833349,5186.33,0.061206236
"122","CO","2013",190023.668471942,5262.556,0.065201248
"123","CO","2014",165658.36435687,5342.311,0.071758289
"124","CO","2015",144164.45171596,5440.445,0.051054904
"125","CO","2016",96856.4171393678,5530.105,0.039146039
"126","CO","2017",69789.6232935524,5607.154,0.044843442
"127","CT","1997",19953.71821086,3268.514,0.002548034
"128","CT","1998",160582.434938431,3272.563,0.002670525
"129","CT","1999",152211.662607188,3282.031,0.00259198
"130","CT","2000",146394.100889925,3411.777,0.002792833
"131","CT","2001",133905.963169083,3432.835,0.002578584
"132","CT","2002",121008.503918295,3458.749,0.002381795
"133","CT","2003",104340.290586567,3484.336,0.002500913
"134","CT","2004",95475.4509002329,3496.094,0.002455004
"135","CT","2005",69950.483941751,3506.956,0.00234572
"136","CT","2006",50069.139115462,3517.46,0.002316864
"137","CT","2007",39809.791538208,3527.27,0.002383367
"138","CT","2008",33883.6268087195,3545.579,0.001859696
"139","CT","2009",253571.097951402,3561.807,0.001755423
"140","CT","2010",230743.703027242,3580.171,0.002038136
"141","CT","2011",202896.55531082,3591.927,0.001904087
"142","CT","2012",182927.661317787,3597.705,0.00209219
"143","CT","2013",163804.716581625,3602.47,0.002228447
"144","CT","2014",139064.294491788,3600.188,0.001994996
"145","CT","2015",120753.646895215,3593.862,0.002319829
"146","CT","2016",85549.4718152914,3587.685,0.002517138
"147","CT","2017",58980.1433839247,3588.184,0.001943817
"148","DE","1997",4544.425998545,735.024,0.006117843
"149","DE","1998",40541.33039156,744.066,0.00640785
"150","DE","1999",41341,753.538,0.005466728
"151","DE","2000",40168.7943732687,786.373,0.005328755
"152","DE","2001",37717.9956493912,795.699,0.00623927
"153","DE","2002",32834.4431414475,806.169,0.00376716
"154","DE","2003",29330.1235622501,818.003,0.005679381
"155","DE","2004",25837.0540201512,830.803,0.007656178
"156","DE","2005",20123.3012944104,845.15,0.007812647
"157","DE","2006",13821.1930018107,859.268,0.005999893
"158","DE","2007",10143.2094135744,871.749,0.005898048
"159","DE","2008",7989.6644431653,883.874,0.006528855
"160","DE","2009",62336.996567,891.73,0.007637315
"161","DE","2010",57471,899.712,0.007412434
"162","DE","2011",53679.8962866069,907.884,0.006973989
"163","DE","2012",47878.3685823728,916.868,0.007273867
"164","DE","2013",42704.6926876815,925.114,0.009769428
"165","DE","2014",39725.6028096602,934.805,0.009970135
"166","DE","2015",34478.1811637091,944.107,0.006953486
"167","DE","2016",26804.9916597864,952.698,0.006189462
"168","DE","2017",18150.1107934887,961.939,0.005983057
"169","FL","1997",58510.4568143414,14683.35,0.014711438
"170","FL","1998",478234.549649966,14908.23,0.01464232
"171","FL","1999",479445.147409568,15111.244,0.01326454
"172","FL","2000",459975.187152083,16047.515,0.012599967
"173","FL","2001",430070.727257644,16356.966,0.011492994
"174","FL","2002",404563.527877321,16689.37,0.010651973
"175","FL","2003",371811.04777838,17004.085,0.010589548
"176","FL","2004",321340.103290958,17415.318,0.0104196
"177","FL","2005",291998.032526466,17842.038,0.010226099
"178","FL","2006",194736.161580094,18166.99,0.010197408
"179","FL","2007",142950.640336392,18367.842,0.009989387
"180","FL","2008",111390.081875952,18527.305,0.01078282
"181","FL","2009",794414.140086195,18652.644,0.010076827
"182","FL","2010",758303.879464768,18846.461,0.011325021
"183","FL","2011",685472.960800914,19097.369,0.011461248
"184","FL","2012",620498.058527505,19341.327,0.011384099
"185","FL","2013",571597.191560469,19584.927,0.010629917
"186","FL","2014",520971.044384123,19897.747,0.009487809
"187","FL","2015",447814.021768786,20268.567,0.009098828
"188","FL","2016",387948.69601425,20656.589,0.008670697
"189","FL","2017",252456.537162313,20984.4,0.008023057
"190","GA","1997",35981.11490064,7486.094,0.016956222
"191","GA","1998",296710.30549335,7636.522,0.015669634
"192","GA","1999",302949.981322625,7788.24,0.014208011
"193","GA","2000",291468.256002566,8227.303,0.013114626
"194","GA","2001",262506.113133549,8377.038,0.013352146
"195","GA","2002",239876.740330674,8508.256,0.010918699
"196","GA","2003",219190.275944345,8622.793,0.012694237
"197","GA","2004",189706.495591189,8769.252,0.013478473
"198","GA","2005",171859.930174157,8925.922,0.012561093
"199","GA","2006",112348.700139372,9155.813,0.0113457
"200","GA","2007",80102.64206615,9349.988,0.011874551
"201","GA","2008",63007.6440036862,9504.843,0.012708017
"202","GA","2009",454789.057946475,9620.846,0.012141136
"203","GA","2010",434311.662336825,9712.696,0.011874371
"204","GA","2011",403288.657301599,9810.595,0.01122308
"205","GA","2012",362180.99407399,9911.171,0.012959563
"206","GA","2013",334377.117912512,9981.773,0.01334983
"207","GA","2014",308320.803798352,10083.85,0.011247282
"208","GA","2015",263507.992800663,10199.533,0.010791132
"209","GA","2016",235726.227981459,10313.62,0.009625331
"210","GA","2017",154058.578243643,10429.379,0.00982375
"211","HI","1997",6231.3316255088,1189.322,0.009879166
"212","HI","1998",5278.6589898845,1190.472,0.009764534
"213","HI","1999",41904.508892536,1185.497,0.010121354
"214","HI","2000",40948.4066231808,1213.519,0.009548611
"215","HI","2001",36351.2070327498,1225.948,0.009051034
"216","HI","2002",34074.2739430786,1239.613,0.009016915
"217","HI","2003",32551.8258721472,1251.154,0.009239661
"218","HI","2004",29153.021633242,1273.569,0.008520138
"219","HI","2005",26754.0639892748,1292.729,0.007921739
"220","HI","2006",18564.0319406426,1309.731,0.008186418
"221","HI","2007",13277.922365623,1315.675,0.007698206
"222","HI","2008",10638.4386844264,1332.213,0.007452168
"223","HI","2009",9182.6335526574,1346.717,0.007586186
"224","HI","2010",72887.393412025,1363.817,0.007343349
"225","HI","2011",69133.0195441563,1378.323,0.007412486
"226","HI","2012",61190.2283297224,1392.772,0.007017592
"227","HI","2013",55789.979692678,1408.038,0.006686319
"228","HI","2014",51034.473828982,1417.71,0.006425651
"229","HI","2015",44416.93743396,1426.32,0.006068376
"230","HI","2016",38781.1286590304,1428.683,0.005818336
"231","HI","2017",26366.7051136184,1427.538,0.005241899
"232","IA","1997",15938.6423031935,2854.396,0.065021726
"233","IA","1998",13099.6041149103,2861.025,0.044599376
"234","IA","1999",99705.678978381,2869.413,0.028321138
"235","IA","2000",99807.92294564,2929.067,0.033378344
"236","IA","2001",91220.7552698292,2931.997,0.032762107
"237","IA","2002",82672.7708118048,2934.234,0.039682302
"238","IA","2003",78508.7421186411,2941.999,0.040280916
"239","IA","2004",75946.6922404254,2953.635,0.059344365
"240","IA","2005",64277.1433180609,2964.454,0.041685245
"241","IA","2006",56628.8697205435,2982.644,0.041371981
"242","IA","2007",38245.2423808092,2999.212,0.048358261
"243","IA","2008",26414.6948068795,3016.734,0.062849841
"244","IA","2009",20968.9431901183,3032.87,0.05033961
"245","IA","2010",159283.804347381,3050.223,0.053812007
"246","IA","2011",156719.034042935,3063.69,0.082677721
"247","IA","2012",150471.361961655,3074.386,0.071205591
"248","IA","2013",133886.152269584,3089.876,0.084427467
"249","IA","2014",126176.683308997,3105.563,0.070458444
"250","IA","2015",116157.133465608,3118.473,0.056107384
"251","IA","2016",97025.64255286,3130.869,0.049973147
"252","IA","2017",84168.6245107485,3145.711,0.047226209
"253","ID","1997",5099.3678207664,1210.638,0.062531792
"254","ID","1998",4429.702684079,1230.923,0.063483399
"255","ID","1999",37240.629048942,1251.7,0.057722582
"256","ID","2000",37599.3542557352,1299.43,0.052360268
"257","ID","2001",32579.2793577132,1319.962,0.055356146
"258","ID","2002",29713.8470499619,1340.372,0.054322955
"259","ID","2003",27668.195368905,1363.38,0.049578655
"260","ID","2004",24792.70797339,1391.802,0.062187572
"261","ID","2005",22475.0127074872,1428.241,0.059670171
"262","ID","2006",17026.4876386171,1468.669,0.055964971
"263","ID","2007",12325.5287045727,1505.105,0.06188196
"264","ID","2008",9396.1134498966,1534.32,0.074499132
"265","ID","2009",7664.287458209,1554.439,0.062803905
"266","ID","2010",59991.915339818,1570.912,0.077744399
"267","ID","2011",55828.3901477768,1583.18,0.093190469
"268","ID","2012",50331.526071626,1594.673,0.07720506
"269","ID","2013",46487.0413753858,1610.187,0.083018372
"270","ID","2014",43034.807768715,1630.391,0.084537743
"271","ID","2015",37334.03193333,1649.324,0.071372012
"272","ID","2016",32689.1951826552,1680.026,0.061938906
"273","ID","2017",23925.6815370258,1716.943,0.05446123
"274","IL","1997",72653.3547744384,12011.509,0.011385307
"275","IL","1998",63583.5278169714,12069.774,0.009072026
"276","IL","1999",503695.975748,12128.37,0.00652568
"277","IL","2000",491644,12434.161,0.006807771
"278","IL","2001",450630.087856921,12488.445,0.006659949
"279","IL","2002",405867.650224397,12525.556,0.007144706
"280","IL","2003",371151.851848071,12556.006,0.008856989
"281","IL","2004",334932.886013348,12589.773,0.011417449
"282","IL","2005",289291.538752205,12609.903,0.006965736
"283","IL","2006",234778.273137062,12643.955,0.008800255
"284","IL","2007",159598.610248315,12695.866,0.010650027
"285","IL","2008",114433.022112158,12747.038,0.014291316
"286","IL","2009",92193.6155390672,12796.778,0.011580924
"287","IL","2010",710300.45629672,12841.196,0.011656128
"288","IL","2011",679776,12862.298,0.016214165
"289","IL","2012",637106.759120469,12878.494,0.012436566
"290","IL","2013",570070.680193458,12890.403,0.019229064
"291","IL","2014",525052.690620266,12882.438,0.013412162
"292","IL","2015",466387.25336673,12862.051,0.009568923
"293","IL","2016",393113.322341962,12835.726,0.010050119
"294","IL","2017",310034.212190078,12802.023,0.009604297
"295","IN","1997",31078.9146908168,5872.37,0.018645157
"296","IN","1998",27764.162485972,5907.617,0.015247695
"297","IN","1999",214739.633693811,5942.901,0.011547983
"298","IN","2000",211973.899098592,6091.866,0.012516607
"299","IN","2001",190962.261819146,6127.76,0.014029958
"300","IN","2002",174177.073269646,6155.967,0.012652858
"301","IN","2003",162057.461294134,6196.638,0.015402028
"302","IN","2004",149000.105813423,6233.007,0.017270071
"303","IN","2005",123251.348880035,6278.616,0.012500153
"304","IN","2006",106928.105241132,6332.669,0.01392561
"305","IN","2007",70528.799048759,6379.599,0.015774575
"306","IN","2008",50782.75273993,6424.806,0.020115184
"307","IN","2009",39009.7498089948,6459.325,0.018296778
"308","IN","2010",310674.038651051,6490.029,0.018865652
"309","IN","2011",300774.40305312,6515.358,0.024254896
"310","IN","2012",277345.417251797,6535.665,0.020843611
"311","IN","2013",252661.79176329,6567.484,0.030110879
"312","IN","2014",234531.051277175,6593.182,0.022444479
"313","IN","2015",208255.25870317,6610.596,0.017172711
"314","IN","2016",173522.630345519,6634.007,0.016517626
"315","IN","2017",149747.049963756,6666.818,0.016554263
"316","KS","1997",15097.6554154861,2616.339,0.048435588
"317","KS","1998",12620.5840555756,2638.667,0.036552997
"318","KS","1999",11606.8701583351,2654.052,0.029827088
"319","KS","2000",92805.496200941,2693.681,0.029435126
"320","KS","2001",88203.1759272609,2702.162,0.032821753
"321","KS","2002",77573.5382365664,2713.535,0.02771011
"322","KS","2003",72040.3157312608,2723.004,0.039816122
"323","KS","2004",65746.2614621384,2734.373,0.043459422
"324","KS","2005",56881.8811455856,2745.299,0.045078372
"325","KS","2006",51779.7313088312,2762.931,0.040216298
"326","KS","2007",36646.4173891262,2783.785,0.043690509
"327","KS","2008",26085.0801781204,2808.076,0.055031692
"328","KS","2009",19777.7463373012,2832.704,0.049070056
"329","KS","2010",18053.1963250694,2858.403,0.055522709
"330","KS","2011",146238.445728276,2868.756,0.069789018
"331","KS","2012",139184.29762804,2885.316,0.058610709
"332","KS","2013",121036.552813842,2892.9,0.076503265
"333","KS","2014",110913.140922461,2899.553,0.056211582
"334","KS","2015",100483.6228592,2905.789,0.041812536
"335","KS","2016",83956.1467204104,2907.731,0.040502306
"336","KS","2017",72076.0595379372,2913.123,0.038067897
"337","KY","1997",23431.5520923281,3907.816,0.04251605
"338","KY","1998",18441.1322626218,3934.31,0.041142503
"339","KY","1999",16417.295754641,3960.825,0.03578298
"340","KY","2000",124409.018832032,4049.021,0.040858001
"341","KY","2001",116393.102552909,4068.132,0.039804906
"342","KY","2002",106578.446542067,4089.875,0.034363088
"343","KY","2003",97842.4876984387,4117.17,0.034119034
"344","KY","2004",92220.06714291,4146.101,0.039877346
"345","KY","2005",81794.332943625,4182.742,0.0414596
"346","KY","2006",72477.3424671051,4219.239,0.045493088
"347","KY","2007",51735.1342931423,4256.672,0.0441325
"348","KY","2008",35919.6664306467,4289.878,0.047435583
"349","KY","2009",26297.4425433618,4317.074,0.050128263
"350","KY","2010",23608.486073063,4347.948,0.050959789
"351","KY","2011",186555.987774035,4368.505,0.058748218
"352","KY","2012",174189.221100086,4383.673,0.042847622
"353","KY","2013",156902.176662662,4399.121,0.044320534
"354","KY","2014",141967.516191636,4410.415,0.036638453
"355","KY","2015",129719.60441832,4422.057,0.029617674
"356","KY","2016",111158.995916373,4436.113,0.022626031
"357","KY","2017",96475.9072061029,4454.189,0.03182606
"358","LA","1997",31097.8693560321,4351.39,0.098557407
"359","LA","1998",21453.8992393944,4362.758,0.094304233
"360","LA","1999",18258.1887407997,4372.035,0.091035716
"361","LA","2000",144782.701704,4471.885,0.119684685
"362","LA","2001",138911,4477.875,0.134892125
"363","LA","2002",125788.663318989,4497.267,0.090978348
"364","LA","2003",123148.521367559,4521.042,0.093579664
"365","LA","2004",119761.683374813,4552.238,0.093064916
"366","LA","2005",119649.575339247,4576.628,0.090373242
"367","LA","2006",102363.097001671,4302.665,0.105456683
"368","LA","2007",79158.000875556,4375.581,0.10841947
"369","LA","2008",53995.7219715567,4435.586,0.11976817
"370","LA","2009",37547.2169977032,4491.648,0.101479996
"371","LA","2010",33609.3898110516,4544.871,0.101007756
"372","LA","2011",256791.46931056,4574.388,0.105791372
"373","LA","2012",241378,4602.681,0.098513535
"374","LA","2013",210116.17378261,4626.795,0.091842563
"375","LA","2014",192409.792010117,4648.797,0.082919141
"376","LA","2015",169157.656111007,4671.211,0.056040056
"377","LA","2016",142368.15252903,4686.157,0.046174631
"378","LA","2017",121481.905285217,4684.333,0.053263977
"379","MA","1997",67873.264683872,6115.476,0.002967634
"380","MA","1998",50719.179298467,6144.407,0.002561323
"381","MA","1999",42230.256362308,6175.169,0.00262144
"382","MA","2000",40685.4906335416,6361.104,0.002716716
"383","MA","2001",317506.993915333,6397.634,0.00272883
"384","MA","2002",300173.779762887,6417.206,0.002716998
"385","MA","2003",266081.15059828,6422.565,0.002704502
"386","MA","2004",246746.753009803,6412.281,0.002766063
"387","MA","2005",228596.151164467,6403.29,0.002814012
"388","MA","2006",195541.363985059,6410.084,0.003289355
"389","MA","2007",173051.605675526,6431.559,0.003441868
"390","MA","2008",115309.460975296,6468.967,0.003165173
"391","MA","2009",78535.0115101374,6517.613,0.00353126
"392","MA","2010",64229.4220170584,6564.943,0.003566355
"393","MA","2011",58605.6846953831,6612.178,0.003057877
"394","MA","2012",463763.601397922,6659.627,0.003056913
"395","MA","2013",436508.513793451,6711.138,0.00269176
"396","MA","2014",387879.502013867,6757.925,0.002209781
"397","MA","2015",366602.138834901,6794.002,0.002328702
"398","MA","2016",335010.995470943,6823.721,0.00234927
"399","MA","2017",286055.381370322,6859.819,0.002098757
"400","MD","1997",43021.7979289582,5092.914,0.004709488
"401","MD","1998",32680.9958175415,5130.072,0.004559404
"402","MD","1999",27688.9365329772,5171.634,0.004270813
"403","MD","2000",216465.315314745,5311.034,0.00449199
"404","MD","2001",216330.872230655,5374.691,0.004375569
"405","MD","2002",206342.576944295,5440.389,0.003396251
"406","MD","2003",187947.104644061,5496.269,0.003682393
"407","MD","2004",181704.258629372,5546.935,0.004525235
"408","MD","2005",169758.614280728,5592.379,0.00414694
"409","MD","2006",144670.33965908,5627.367,0.00413494
"410","MD","2007",126872.725076964,5653.408,0.004032272
"411","MD","2008",81873.8032286856,5684.965,0.004392933
"412","MD","2009",57709.3798762855,5730.388,0.003336335
"413","MD","2010",48028.6691551264,5788.099,0.003885944
"414","MD","2011",365146.46157759,5843.115,0.00415602
"415","MD","2012",350094.2524625,5891.68,0.004090226
"416","MD","2013",322766.139544443,5932.654,0.004368922
"417","MD","2014",289580.309268234,5970.245,0.003831396
"418","MD","2015",268805.817943828,6000.561,0.00334646
"419","MD","2016",245044.441664889,6024.752,0.003035674
"420","MD","2017",205114.91798801,6052.177,0.003292415
"421","ME","1997",8031.688988605,1245.215,0.019824219
"422","ME","1998",6015.3816336312,1247.554,0.023430265
"423","ME","1999",5152.2676180943,1253.04,0.023546067
"424","ME","2000",40804.041539408,1277.072,0.024358006
"425","ME","2001",40059.927866944,1285.692,0.022531802
"426","ME","2002",37460.620498416,1295.96,0.019669299
"427","ME","2003",34341.3782274186,1306.513,0.019696862
"428","ME","2004",32287.7705457724,1313.688,0.018201261
"429","ME","2005",28903.3835788775,1318.787,0.017157551
"430","ME","2006",24284.1303757524,1323.619,0.017615036
"431","ME","2007",20620.544313096,1327.04,0.016035752
"432","ME","2008",13035.7378811318,1330.509,0.014574866
"433","ME","2009",9359.921937494,1329.59,0.014046226
"434","ME","2010",7659.4078108416,1327.568,0.015955379
"435","ME","2011",56673.50288261,1327.968,0.016469217
"436","ME","2012",54239.86731328,1328.101,0.016298973
"437","ME","2013",49320.0686660784,1327.975,0.016026843
"438","ME","2014",45031.6963651776,1328.903,0.015345499
"439","ME","2015",41174.8738294184,1327.787,0.015740191
"440","ME","2016",37146.5034110625,1330.232,0.015014712
"441","ME","2017",30865.4911219536,1335.907,0.014966452
"442","MI","1997",95324.6334148024,9785.45,0.007955668
"443","MI","1998",70869.0199900783,9820.231,0.007262215
"444","MI","1999",56800.7868710658,9863.775,0.006797201
"445","MI","2000",50015.3004777645,9952.45,0.006293708
"446","MI","2001",380611.779217538,9991.12,0.006466464
"447","MI","2002",358584.065543661,10015.71,0.006253001
"448","MI","2003",325930.522045343,10041.152,0.006495353
"449","MI","2004",292322.775412518,10055.315,0.008331025
"450","MI","2005",268617.30317541,10051.137,0.007930844
"451","MI","2006",224874.01143945,10036.081,0.009574011
"452","MI","2007",191288.198497873,10001.284,0.009431613
"453","MI","2008",127895.857944981,9946.889,0.011390429
"454","MI","2009",82117.2775414306,9901.591,0.010838616
"455","MI","2010",64771.8295631862,9876.731,0.012859039
"456","MI","2011",56816.7475120565,9876.199,0.018085455
"457","MI","2012",452399.491730021,9886.61,0.014060441
"458","MI","2013",422711.350215907,9899.219,0.015417415
"459","MI","2014",385685.620479644,9914.675,0.01375847
"460","MI","2015",359258.95095456,9918.17,0.012488066
"461","MI","2016",330956.56221999,9933.445,0.011391038
"462","MI","2017",287078.637174933,9962.311,0.010630398
"463","MN","1997",59201.74184028,4687.726,0.021639294
"464","MN","1998",41224.4272756638,4726.411,0.021558485
"465","MN","1999",31297.4488186224,4775.508,0.016281901
"466","MN","2000",27614.2154174226,4933.692,0.01584461
"467","MN","2001",212837.0932482,4982.796,0.014182115
"468","MN","2002",203521,5018.935,0.016470045
"469","MN","2003",193860.937157455,5053.572,0.018294542
"470","MN","2004",182556.615180892,5087.713,0.021650733
"471","MN","2005",170467.260164366,5119.598,0.021485408
"472","MN","2006",149815.579560332,5163.555,0.023321481
"473","MN","2007",127723.623715738,5207.203,0.022196302
"474","MN","2008",99884.8462600968,5247.018,0.031475715
"475","MN","2009",63716.0427939762,5281.203,0.023333824
"476","MN","2010",48062.5530029496,5310.711,0.032615018
"477","MN","2011",40805.4775424837,5345.967,0.040804258
"478","MN","2012",318391.5088824,5377.695,0.043134644
"479","MN","2013",304063,5416.074,0.041991298
"480","MN","2014",284487.239862658,5452.649,0.035123785
"481","MN","2015",257619.07497048,5483.238,0.02295683
"482","MN","2016",236725.258622811,5525.05,0.025677056
"483","MN","2017",210386.068649254,5576.606,0.024188794
"484","MO","1997",70058.870341118,5407.113,0.016407177
"485","MO","1998",47443.6904058568,5437.562,0.012525484
"486","MO","1999",34251.2147144475,5468.338,0.009551804
"487","MO","2000",28873.0089365952,5607.285,0.011481646
"488","MO","2001",216085.364251071,5641.142,0.011403185
"489","MO","2002",207658.01100499,5674.825,0.010794942
"490","MO","2003",195084.277046503,5709.403,0.013793843
"491","MO","2004",177854.396021293,5747.741,0.020101481
"492","MO","2005",164959.564655825,5790.3,0.016444212
"493","MO","2006",149801.396508391,5842.704,0.016198802
"494","MO","2007",125379.328311339,5887.612,0.016644986
"495","MO","2008",110675.915088748,5923.916,0.019701065
"496","MO","2009",69608.4646643144,5961.088,0.017796962
"497","MO","2010",49067.4228208175,5995.681,0.017954781
"498","MO","2011",39350.5198993075,6010.28,0.021533677
"499","MO","2012",299290.150733385,6023.267,0.017634134
"500","MO","2013",290510.842980995,6041.142,0.021532306
"501","MO","2014",268654.033920833,6058.014,0.021699966
"502","MO","2015",240677.485787763,6072.64,0.01513552
"503","MO","2016",218684.363542331,6091.176,0.015077052
"504","MO","2017",196198.9999468,6113.532,0.013827575
"505","MS","1997",24966.73725525,2731.826,0.040439478
"506","MS","1998",15949.0683175184,2751.335,0.034870402
"507","MS","1999",11883.1362869964,2768.619,0.031019018
"508","MS","2000",9814.9559395107,2848.353,0.029073206
"509","MS","2001",74234.694152605,2852.994,0.033938765
"510","MS","2002",71416.513008096,2858.681,0.026361023
"511","MS","2003",68240.8253077512,2868.312,0.035088195
"512","MS","2004",63157.7336968188,2889.01,0.04611844
"513","MS","2005",58751.9888305656,2905.943,0.039251696
"514","MS","2006",53895.0639065825,2904.978,0.033514503
"515","MS","2007",45954.4154998248,2928.35,0.039049682
"516","MS","2008",40503.032259732,2947.806,0.042786254
"517","MS","2009",24445.8253736358,2958.774,0.037216155
"518","MS","2010",17791.372300988,2970.437,0.04145705
"519","MS","2011",14434.0301733848,2977.452,0.040735088
"520","MS","2012",111554.014190239,2982.963,0.043462817
"521","MS","2013",106791.057129568,2987.721,0.053997662
"522","MS","2014",96674.656602156,2988.578,0.046323037
"523","MS","2015",86242.8118843122,2985.297,0.034573992
"524","MS","2016",78429.4957044968,2985.415,0.029678816
"525","MS","2017",69769.2216316025,2984.1,0.030016024
"526","MT","1997",8647.4645219632,878.706,0.077901762
"527","MT","1998",6097.1659358339,879.533,0.070016192
"528","MT","1999",4250.3197586262,882.779,0.067643959
"529","MT","2000",3501.8539620826,903.773,0.064501435
"530","MT","2001",3237.8396794678,906.961,0.06519476
"531","MT","2002",25621.961981687,911.667,0.062002252
"532","MT","2003",25420.9509288294,919.63,0.065796629
"533","MT","2004",23637.6910545758,930.009,0.079838681
"534","MT","2005",22902.8220265922,940.102,0.086725202
"535","MT","2006",21805.0064465128,952.692,0.083642219
"536","MT","2007",19495.1849809348,964.706,0.092163463
"537","MT","2008",16862.3731120492,976.415,0.106265406
"538","MT","2009",10793.3688140401,983.982,0.093073533
"539","MT","2010",7813.8363867625,990.507,0.106241042
"540","MT","2011",6569.9840175054,996.866,0.118605385
"541","MT","2012",5947.7432369993,1003.522,0.118019316
"542","MT","2013",46183.204540981,1011.921,0.122302158
"543","MT","2014",44531.5896776639,1019.931,0.109687147
"544","MT","2015",38958.0261682878,1028.317,0.094241971
"545","MT","2016",34744.8301776268,1038.656,0.082426094
"546","MT","2017",31864.1672256296,1050.493,0.079691463
"547","NC","1997",132577.862862569,7428.672,0.020359771
"548","NC","1998",122028.481118696,7545.828,0.01563637
"549","NC","1999",100324.749404062,7650.789,0.013308823
"550","NC","2000",68399.1223320087,8081.614,0.015984643
"551","NC","2001",51731.1158234328,8210.122,0.015897928
"552","NC","2002",43469.5660046514,8326.201,0.010048731
"553","NC","2003",339610.00077402,8422.501,0.011010079
"554","NC","2004",332545,8553.152,0.014563443
"555","NC","2005",319881.562255282,8705.407,0.013506249
"556","NC","2006",305548.774521346,8917.27,0.012749603
"557","NC","2007",277478.822966321,9118.037,0.012355722
"558","NC","2008",248723.929805966,9309.449,0.011823799
"559","NC","2009",201190.22326834,9449.566,0.012134482
"560","NC","2010",157219.267280506,9574.247,0.012836292
"561","NC","2011",105625.100511722,9662.94,0.011276386
"562","NC","2012",78048.65620068,9755.299,0.012223109
"563","NC","2013",65738.1203786345,9849.812,0.013665388
"564","NC","2014",516611.20143604,9941.16,0.013756044
"565","NC","2015",502077,10041.769,0.011653591
"566","NC","2016",464262.096488959,10156.689,0.010831864
"567","NC","2017",425092.282486212,10273.419,0.010696816
"568","ND","1997",10306.0857971575,640.945,0.088084216
"569","ND","1998",8425.1269737324,637.808,0.10196289
"570","ND","1999",7071.163764084,633.666,0.068404293
"571","ND","2000",4690.6107617286,642.023,0.075112669
"572","ND","2001",3522.8068460708,639.062,0.067787676
"573","ND","2002",3016.2193033093,638.168,0.075210976
"574","ND","2003",24428.271955266,638.817,0.101919438
"575","ND","2004",23996.344492992,644.705,0.08928725
"576","ND","2005",22762.9663847976,646.089,0.087360897
"577","ND","2006",21448.8464330244,649.422,0.09547967
"578","ND","2007",20778.7739825724,652.822,0.124277357
"579","ND","2008",20295.5128767125,657.569,0.16771811
"580","ND","2009",16331.0035349676,664.968,0.141278587
"581","ND","2010",15095.546089596,674.518,0.171703221
"582","ND","2011",11004.0011215448,684.83,0.211317712
"583","ND","2012",9747.6516667964,701.38,0.263616101
"584","ND","2013",8181.7348865615,722.908,0.250741381
"585","ND","2014",65509.682357102,738.658,0.236953527
"586","ND","2015",58028.818105248,754.859,0.174479583
"587","ND","2016",49301.5787250624,755.548,0.151927693
"588","ND","2017",45061.7413155078,755.393,0.17160723
"589","NE","1997",23967.1218265276,1656.042,0.066791819
"590","NE","1998",17439.8601516097,1660.772,0.054046833
"591","NE","1999",12261.3085098803,1666.028,0.040849824
"592","NE","2000",9628.606400817,1713.82,0.037809033
"593","NE","2001",8512.619190527,1719.836,0.042976974
"594","NE","2002",67246.35774274,1728.292,0.037907653
"595","NE","2003",65851.0147501207,1738.643,0.061974272
"596","NE","2004",61193.0182910928,1749.37,0.06394032
"597","NE","2005",56113.0841724285,1761.497,0.054632088
"598","NE","2006",52713.204094845,1772.693,0.045985016
"599","NE","2007",46575.725600274,1783.44,0.060945243
"600","NE","2008",40434.1562133831,1796.378,0.069880881
"601","NE","2009",28943.0652997983,1812.683,0.062499281
"602","NE","2010",20855.9604812491,1829.956,0.069748783
"603","NE","2011",16811.999312757,1841.641,0.106609296
"604","NE","2012",14504.8510629885,1854.862,0.079373952
"605","NE","2013",115911.485056565,1867.414,0.098927551
"606","NE","2014",110360.047280349,1880.92,0.081688509
"607","NE","2015",100577.296681913,1893.564,0.071259398
"608","NE","2016",90863.3965950515,1907.603,0.065727857
"609","NE","2017",82776.86713149,1920.076,0.061827648
"610","NH","1997",18565.841225154,1173.239,0.003541667
"611","NH","1998",16951.111530696,1185.823,0.00383745
"612","NH","1999",10968.2467302714,1201.134,0.00416399
"613","NH","2000",8452.6195153812,1239.882,0.004042268
"614","NH","2001",6991.2042648437,1255.517,0.003938936
"615","NH","2002",54032.995339099,1269.089,0.003972215
"616","NH","2003",53290.82437056,1279.84,0.004297329
"617","NH","2004",50225.1512788116,1290.121,0.004454507
"618","NH","2005",46514.4552652572,1298.492,0.003910478
"619","NH","2006",43120.6135608844,1308.389,0.00428712
"620","NH","2007",38330.070018275,1312.54,0.004383249
"621","NH","2008",30884.5922987928,1315.906,0.004068878
"622","NH","2009",25938.30298059,1316.102,0.003263403
"623","NH","2010",16744.2772971538,1316.7,0.003444567
"624","NH","2011",12109.8690453672,1318.345,0.003557518
"625","NH","2012",9965.4468695628,1320.923,0.004271972
"626","NH","2013",75459.739961662,1322.622,0.003894513
"627","NH","2014",73552.891197632,1328.684,0.00381476
"628","NH","2015",69487.0473322296,1330.134,0.003685373
"629","NH","2016",63210.5153663178,1335.015,0.003314364
"630","NH","2017",57916.1479551632,1342.795,0.003042873
"631","NJ","1997",152505.863757186,8054.178,0.002485802
"632","NJ","1998",142205.681596589,8095.542,0.002461613
"633","NJ","1999",93924.0091777372,8143.412,0.00223427
"634","NJ","2000",69669.3544396025,8430.621,0.002430532
"635","NJ","2001",57624.5510142146,8492.671,0.002155687
"636","NJ","2002",440164.314341745,8552.643,0.002068622
"637","NJ","2003",430580.131417345,8601.402,0.002112774
"638","NJ","2004",404057.911069953,8634.561,0.002237989
"639","NJ","2005",365554.854169382,8651.974,0.002285918
"640","NJ","2006",342319.198331055,8661.679,0.00234395
"641","NJ","2007",309462.356140138,8677.885,0.002347623
"642","NJ","2008",256297.247141981,8711.09,0.002128676
"643","NJ","2009",213371.36419434,8755.602,0.002370666
"644","NJ","2010",135953.250815602,8803.708,0.002210046
"645","NJ","2011",94608.7568705785,8844.694,0.002331035
"646","NJ","2012",78733.4717559234,8882.095,0.002242248
"647","NJ","2013",596986.305584256,8913.735,0.002393272
"648","NJ","2014",571494.91063483,8943.01,0.001993463
"649","NJ","2015",535925.502972461,8960.001,0.002260404
"650","NJ","2016",475333.167493286,8978.416,0.002103334
"651","NJ","2017",435598.340264142,9005.644,0.001958621
"652","NM","1997",26402.3170341572,1722.939,0.067422571
"653","NM","1998",23096.7510573416,1733.535,0.061503777
"654","NM","1999",15873.393089414,1739.844,0.059819073
"655","NM","2000",11250.9063075065,1821.204,0.073893765
"656","NM","2001",8993.1910296676,1831.69,0.085937777
"657","NM","2002",8198.1078238004,1855.309,0.072551908
"658","NM","2003",67991.198116938,1877.574,0.084095409
"659","NM","2004",69469.7143420562,1903.808,0.091915631
"660","NM","2005",62768.6615344446,1932.274,0.11234762
"661","NM","2006",58297.2769175104,1962.137,0.114818424
"662","NM","2007",53592.3254996992,1990.07,0.122910898
"663","NM","2008",46812.9573311912,2010.662,0.14068908
"664","NM","2009",37837.4533102888,2036.802,0.101680388
"665","NM","2010",25751.3344090401,2064.607,0.11992472
"666","NM","2011",18175.1361490243,2077.744,0.139433795
"667","NM","2012",14379.7261087732,2083.59,0.134526213
"668","NM","2013",12757.2624900138,2085.161,0.147411762
"669","NM","2014",101042.385951131,2083.207,0.155256452
"670","NM","2015",91813.0181006393,2082.264,0.114112725
"671","NM","2016",78661.8219533444,2085.432,0.094538942
"672","NM","2017",72580.049957954,2088.07,0.112905552
"673","NV","1997",29335.0406945229,1675.581,0.026027443
"674","NV","1998",24454.3064746824,1743.772,0.025561377
"675","NV","1999",17628.6168770796,1809.253,0.022190178
"676","NV","2000",13710.9953676048,2018.741,0.020634756
"677","NV","2001",11756.6973774123,2098.399,0.01784595
"678","NV","2002",93094.62502134,2173.791,0.017688886
"679","NV","2003",91846,2248.85,0.018433029
"680","NV","2004",94094.0865185694,2346.222,0.018979269
"681","NV","2005",93805.370654766,2432.143,0.020516058
"682","NV","2006",89667.3456192885,2522.658,0.02770612
"683","NV","2007",79194.1498468183,2601.072,0.028062981
"684","NV","2008",63321.4022679981,2653.63,0.033981755
"685","NV","2009",45427.1801639664,2684.665,0.037012695
"686","NV","2010",30039.0861561291,2702.797,0.046239925
"687","NV","2011",22157.556794556,2718.17,0.057350637
"688","NV","2012",18125.685127424,2752.41,0.056257972
"689","NV","2013",139353.3503901,2786.547,0.043196443
"690","NV","2014",133071,2831.73,0.033996889
"691","NV","2015",127248.49999662,2883.057,0.026618619
"692","NV","2016",117047.243481642,2939.254,0.028762077
"693","NV","2017",109235.932973696,2998.039,0.031948718
"694","NY","1997",377876.458221621,18143.184,0.002502559
"695","NY","1998",353147.736554698,18159.175,0.002641406
"696","NY","1999",262960.500557714,18196.601,0.002559238
"697","NY","2000",188433.357599807,19001.78,0.002461281
"698","NY","2001",147469.504913836,19082.838,0.002534799
"699","NY","2002",126682.498454594,19137.8,0.002172663
"700","NY","2003",983174.537412353,19175.939,0.002410575
"701","NY","2004",942893.142831893,19171.567,0.002784975
"702","NY","2005",886514.83903386,19132.61,0.002703645
"703","NY","2006",823412.816169126,19104.631,0.002756308
"704","NY","2007",757725.03356823,19132.335,0.003047462
"705","NY","2008",633004.850312754,19212.436,0.003420013
"706","NY","2009",547110.011835833,19307.066,0.002702004
"707","NY","2010",400954.030541086,19405.185,0.003178416
"708","NY","2011",278078.643949352,19526.372,0.003564973
"709","NY","2012",218873.27160523,19625.409,0.002950714
"710","NY","2013",189215.528214582,19712.514,0.003216722
"711","NY","2014",1510762.05796823,19773.58,0.003128887
"712","NY","2015",1434722.92080512,19819.347,0.002435791
"713","NY","2016",1299456.83675074,19836.286,0.002259104
"714","NY","2017",1181858.96579553,19849.399,0.002195052
"715","OH","1997",213945.183983865,11212.498,0.011512258
"716","OH","1998",190187.45514047,11237.752,0.009745606
"717","OH","1999",167643.333940169,11256.654,0.007581557
"718","OH","2000",109825.200120656,11363.543,0.009002169
"719","OH","2001",76505.9816592775,11387.404,0.008404667
"720","OH","2002",63367.1491908312,11407.889,0.008061012
"721","OH","2003",481871.250331191,11434.788,0.008713057
"722","OH","2004",475070.003728775,11452.251,0.010667228
"723","OH","2005",444428.99542473,11463.32,0.009955241
"724","OH","2006",396034.256776874,11481.213,0.010768657
"725","OH","2007",362855.685449093,11500.468,0.011567683
"726","OH","2008",317076.780525901,11515.391,0.013380146
"727","OH","2009",249872.815632668,11528.896,0.013769848
"728","OH","2010",220826.525839781,11539.282,0.013433162
"729","OH","2011",146914.730079632,11543.332,0.017061224
"730","OH","2012",105531.251679101,11546.969,0.013710728
"731","OH","2013",86385.7308904681,11567.845,0.018208446
"732","OH","2014",669184.876491327,11593.741,0.020467026
"733","OH","2015",643699.61276075,11606.027,0.01984297
"734","OH","2016",593696.556062854,11622.554,0.019510804
"735","OH","2017",535467.892944138,11658.609,0.024277222
"736","OK","1997",53731.4471911912,3314.259,0.064455984
"737","OK","1998",44293.2858865248,3339.478,0.048229503
"738","OK","1999",38661.4563737592,3358.044,0.0506368
"739","OK","2000",27349.4434532099,3454.365,0.067293073
"740","OK","2001",19840.7304589583,3467.1,0.076630987
"741","OK","2002",15865.2982833678,3489.08,0.073527785
"742","OK","2003",14873.0799087343,3504.892,0.093570289
"743","OK","2004",121714.735713281,3525.233,0.114711794
"744","OK","2005",123661.778807558,3548.597,0.14039108
"745","OK","2006",116070.098363709,3594.09,0.148832713
"746","OK","2007",108913.433088106,3634.349,0.160728381
"747","OK","2008",103611.21098079,3668.976,0.177873119
"748","OK","2009",77904.8135349632,3717.572,0.127018824
"749","OK","2010",68474.9286330588,3759.529,0.147445518
"750","OK","2011",49022.6381224292,3785.232,0.178167794
"751","OK","2012",35491.6156715215,3815.298,0.163586816
"752","OK","2013",29671.0859529494,3849.84,0.198309741
"753","OK","2014",27897.6109382652,3875.008,0.212730824
"754","OK","2015",202569.797576268,3904.353,0.154768686
"755","OK","2016",179188.773967372,3921.207,0.117715451
"756","OK","2017",159581.199895912,3930.864,0.135504335
"757","OR","1997",68222.565703005,3243.254,0.030251017
"758","OR","1998",59992.554496674,3282.055,0.026334742
"759","OR","1999",51329.1253843074,3316.154,0.02671196
"760","OR","2000",39126.2741625371,3429.708,0.024643364
"761","OR","2001",26378.4449699033,3467.937,0.024157116
"762","OR","2002",20390.0691920088,3513.424,0.024289627
"763","OR","2003",18153.218031839,3547.376,0.026735202
"764","OR","2004",154521.143119288,3569.463,0.026333539
"765","OR","2005",145154.404702739,3613.202,0.025248246
"766","OR","2006",141681.881600197,3670.883,0.025775843
"767","OR","2007",130583.714131361,3722.417,0.023780135
"768","OR","2008",122991.35839809,3768.748,0.020548929
"769","OR","2009",102912.762732378,3808.6,0.018776723
"770","OR","2010",91051.051989464,3837.073,0.01808288
"771","OR","2011",66541.9912641687,3865.845,0.018866698
"772","OR","2012",44541.0014406553,3893.92,0.021190722
"773","OR","2013",33072.8793004668,3919.664,0.022711782
"774","OR","2014",28749.399129642,3960.673,0.022378238
"775","OR","2015",234439.43317674,4016.537,0.021056775
"776","OR","2016",223368.65698629,4085.989,0.020208605
"777","OR","2017",204616.861838283,4142.776,0.019113619
"778","PA","1997",239461.869867717,12015.888,0.011103613
"779","PA","1998",223946.509645746,12002.329,0.011764737
"780","PA","1999",192691.166377528,11994.016,0.010823902
"781","PA","2000",154402.980142339,12284.173,0.011516169
"782","PA","2001",105142.848210414,12298.97,0.011025304
"783","PA","2002",77967.642995316,12331.031,0.009525114
"784","PA","2003",65992.4348383305,12374.658,0.010882298
"785","PA","2004",525823.16387554,12410.722,0.012555891
"786","PA","2005",506505,12449.99,0.01321211
"787","PA","2006",471069.592554402,12510.809,0.013905498
"788","PA","2007",442138.112562258,12563.937,0.015012253
"789","PA","2008",404923.423610412,12612.285,0.01627801
"790","PA","2009",343917.854098824,12666.858,0.016521942
"791","PA","2010",294333.059526719,12711.063,0.021296815
"792","PA","2011",232578.379493575,12742.811,0.027100588
"793","PA","2012",157434.398155087,12768.034,0.027179979
"794","PA","2013",117476.625919834,12778.45,0.029895785
"795","PA","2014",99080.7690007095,12790.341,0.036300396
"796","PA","2015",771437.45209284,12791.124,0.027706623
"797","PA","2016",723962,12787.085,0.025060708
"798","PA","2017",673558.791400383,12805.537,0.031528938
"799","RI","1997",20656.4908940884,986.966,0.004117768
"800","RI","1998",19226.2432030725,987.704,0.00422311
"801","RI","1999",16277.7213048372,990.819,0.004292376
"802","RI","2000",14432.963283774,1050.268,0.004506977
"803","RI","2001",9468.6501444542,1057.142,0.003996582
"804","RI","2002",7121.1912782652,1065.995,0.003859292
"805","RI","2003",6071.4382343868,1071.342,0.003677552
"806","RI","2004",48113.591600457,1074.579,0.003431473
"807","RI","2005",47104.508579808,1067.916,0.003131638
"808","RI","2006",44386.0279059588,1063.096,0.003228427
"809","RI","2007",39012.9619909224,1057.315,0.002893181
"810","RI","2008",34054.4015182236,1055.003,0.002957143
"811","RI","2009",29797.7726984175,1053.646,0.002997338
"812","RI","2010",24806.8994260884,1053.169,0.002816559
"813","RI","2011",20730.627296568,1052.154,0.002594738
"814","RI","2012",13309.2459253254,1052.761,0.002647215
"815","RI","2013",9690.8292064676,1052.784,0.002395233
"816","RI","2014",8000.5801270428,1054.782,0.002790802
"817","RI","2015",61854.356991533,1055.916,0.00313184
"818","RI","2016",59322.404898912,1057.566,0.002956162
"819","RI","2017",54968.7456464664,1059.639,0.002859161
"820","SC","1997",71010.5466284865,3790.066,0.011741822
"821","SC","1998",66948.1195529822,3839.578,0.009784792
"822","SC","1999",57687.5285182571,3885.736,0.009421265
"823","SC","2000",51251.0278402515,4024.223,0.010353254
"824","SC","2001",33356.1174409232,4064.995,0.010749283
"825","SC","2002",23952.550154049,4107.795,0.007645994
"826","SC","2003",20119.8990247333,4150.297,0.010165832
"827","SC","2004",153294.516574437,4210.921,0.011732872
"828","SC","2005",151182.806736325,4270.15,0.0099314
"829","SC","2006",143661.231567399,4357.847,0.009921633
"830","SC","2007",132104.358184976,4444.11,0.007824159
"831","SC","2008",119448.477263443,4528.996,0.008646297
"832","SC","2009",103240.989945702,4589.872,0.009043936
"833","SC","2010",85512.8361803418,4635.834,0.009140434
"834","SC","2011",75318.5519365155,4672.744,0.008108442
"835","SC","2012",48520.7432280318,4719.009,0.008621332
"836","SC","2013",34817.130196222,4765.862,0.009572804
"837","SC","2014",29242.1519223743,4824.758,0.007250888
"838","SC","2015",227978.507013411,4892.423,0.007031315
"839","SC","2016",222034.51302942,4959.822,0.006880821
"840","SC","2017",208328.944215113,5024.369,0.006850972
"841","SD","1997",14775.411344309,730.855,0.099639856
"842","SD","1998",13466.9797364256,730.789,0.089630067
"843","SD","1999",11494.1705979896,733.133,0.070869114
"844","SD","2000",10448.48673885,755.844,0.073704918
"845","SD","2001",7165.1646793169,757.972,0.064631957
"846","SD","2002",5455.5340276359,760.02,0.045086403
"847","SD","2003",4485.2698813756,763.729,0.074187353
"848","SD","2004",4250.0332497777,770.396,0.088794157
"849","SD","2005",33524.46178482,775.493,0.065232632
"850","SD","2006",32109.427647228,783.033,0.048216482
"851","SD","2007",29666.276667053,791.623,0.077093701
"852","SD","2008",27843.4085975276,799.124,0.098856253
"853","SD","2009",24304.5595036524,807.067,0.088205631
"854","SD","2010",20704.0415565184,816.227,0.086965633
"855","SD","2011",19299.6682044428,823.338,0.13485433
"856","SD","2012",12880.6033331664,832.576,0.107371795
"857","SD","2013",9073.213013528,842.513,0.126436266
"858","SD","2014",7280.4681220522,849.455,0.098792752
"859","SD","2015",6633.4000998067,854.036,0.082678749
"860","SD","2016",51976.804166828,861.542,0.074611527
"861","SD","2017",49297.6477112792,869.666,0.069600224
"862","TN","1997",116639.282322995,5378.433,0.018512194
"863","TN","1998",113031.54220407,5432.679,0.018011571
"864","TN","1999",99455.08674306,5483.535,0.015553904
"865","TN","2000",86332.7094878752,5703.719,0.01664864
"866","TN","2001",61871.4143923288,5750.789,0.016234884
"867","TN","2002",44060.0283628006,5795.918,0.013846833
"868","TN","2003",34346.8801089474,5847.812,0.013523243
"869","TN","2004",31026.694742387,5910.809,0.012731174
"870","TN","2005",246995.198874105,5991.057,0.011740401
"871","TN","2006",235160.269419695,6088.766,0.013890225
"872","TN","2007",210491.544048381,6175.727,0.012621347
"873","TN","2008",190253.56802548,6247.411,0.013145849
"874","TN","2009",167588.250361035,6306.019,0.011020479
"875","TN","2010",143536.191784122,6355.882,0.009771148
"876","TN","2011",125378.613474923,6396.281,0.01061651
"877","TN","2012",92625.3974402694,6450.632,0.008839445
"878","TN","2013",65127.4180061532,6490.795,0.010655806
"879","TN","2014",50267.4321373866,6540.007,0.008768319
"880","TN","2015",45136.9662907125,6590.726,0.007698732
"881","TN","2016",360544.267488174,6649.404,0.006868537
"882","TN","2017",339647.631292035,6715.984,0.006720391
"883","TX","1997",479338.060283463,19355.427,0.06923097
"884","TX","1998",452949.693067746,19712.389,0.051611032
"885","TX","1999",409598.300362332,20044.141,0.053272633
"886","TX","2000",365591.650567901,20944.499,0.067198748
"887","TX","2001",293465.660871727,21319.622,0.075589714
"888","TX","2002",194713.438896101,21690.325,0.070098765
"889","TX","2003",148399.989585775,22030.931,0.085776436
"890","TX","2004",131439.394059983,22394.023,0.091176131
"891","TX","2005",1076146.34348988,22778.123,0.109024356
"892","TX","2006",1088295,23359.58,0.113429723
"893","TX","2007",1056110.33618157,23831.983,0.123144739
"894","TX","2008",981911.675736141,24309.039,0.153940004
"895","TX","2009",815194.280634006,24801.761,0.107194415
"896","TX","2010",745041.10353745,25241.648,0.115103129
"897","TX","2011",663356.101338017,25644.424,0.128531835
"898","TX","2012",543413.789849638,26078.327,0.132511946
"899","TX","2013",379205.30086745,26479.279,0.146779766
"900","TX","2014",287191.456913378,26954.436,0.152229455
"901","TX","2015",232922.856717412,27454.88,0.100752005
"902","TX","2016",1740780.46610274,27904.862,0.07621399
"903","TX","2017",1696206,28304.596,0.091121597
"904","UT","1997",44833.5620981352,2065.397,0.025412894
"905","UT","1998",44393.7963056884,2100.562,0.022489752
"906","UT","1999",41128.7834572825,2129.836,0.020591942
"907","UT","2000",35272.8363463248,2244.502,0.021190788
"908","UT","2001",30651.022219986,2283.715,0.023140653
"909","UT","2002",19850.9946235666,2324.815,0.018524118
"910","UT","2003",14783.124401228,2360.137,0.020361764
"911","UT","2004",12755.259936859,2401.58,0.024740343
"912","UT","2005",103985.806658275,2457.719,0.03133104
"913","UT","2006",109668.101441792,2525.507,0.03376853
"914","UT","2007",107225.016945886,2597.746,0.035333069
"915","UT","2008",94289.9864186982,2663.029,0.041595976
"916","UT","2009",81421.8348109288,2723.421,0.036874746
"917","UT","2010",73521.034090455,2775.26,0.041804713
"918","UT","2011",62345.7385406004,2815.43,0.047189815
"919","UT","2012",53381.073401964,2854.222,0.041884735
"920","UT","2013",34781.9762231468,2899.961,0.041065774
"921","UT","2014",26199.610875132,2938.671,0.042384294
"922","UT","2015",22255.8371975665,2984.917,0.026833428
"923","UT","2016",173249.874688956,3044.321,0.020666565
"924","UT","2017",170751.393626816,3101.833,0.021682394
"925","VA","1997",177467.01623654,6732.878,0.009897005
"926","VA","1998",174980.789717873,6789.225,0.009390313
"927","VA","1999",166320.644662931,6872.912,0.008197374
"928","VA","2000",145546.006301456,7105.817,0.008726725
"929","VA","2001",129942.633875486,7198.362,0.008148057
"930","VA","2002",87673.1237419735,7286.873,0.007124699
"931","VA","2003",63170.413045712,7366.977,0.007342702
"932","VA","2004",52853.221998207,7475.575,0.00948285
"933","VA","2005",50458.4182858261,7577.105,0.009165732
"934","VA","2006",405092.58825902,7673.725,0.009839654
"935","VA","2007",387596.929618767,7751,0.009236969
"936","VA","2008",336454.300057559,7833.496,0.010305478
"937","VA","2009",304480.373962041,7925.937,0.008885299
"938","VA","2010",278814.444403362,8025.206,0.010331177
"939","VA","2011",232754.514118222,8107.548,0.011487182
"940","VA","2012",201498.895472054,8188.656,0.009652177
"941","VA","2013",134392.833481396,8261.689,0.008561221
"942","VA","2014",93509.8853401846,8316.902,0.008359427
"943","VA","2015",76514.8630318498,8366.767,0.00677759
"944","VA","2016",68989.9733316497,8414.38,0.005783548
"945","VA","2017",543423.192491718,8470.02,0.007429295
"946","VT","1997",12803.3453644448,588.665,0.020396345
"947","VT","1998",11883.3074609823,590.579,0.020937868
"948","VT","1999",11079.6213195364,593.74,0.020153328
"949","VT","2000",9583.2362631023,609.618,0.019411669
"950","VT","2001",8571.267407628,612.223,0.019826518
"951","VT","2002",5628.46958685,615.442,0.016296296
"952","VT","2003",4096.606750819,617.858,0.017741784
"953","VT","2004",3467.1598133848,619.92,0.019855277
"954","VT","2005",26460.556472847,621.215,0.021156379
"955","VT","2006",25605.840979355,622.892,0.019244212
"956","VT","2007",23627.2158665824,623.481,0.022335802
"957","VT","2008",21007.8472003296,624.151,0.020614913
"958","VT","2009",18791.1286351047,624.817,0.018686097
"959","VT","2010",17138.0854108034,625.842,0.022303158
"960","VT","2011",14421.4913173628,626.21,0.025726261
"961","VT","2012",12477.6375752825,625.606,0.021989714
"962","VT","2013",7974.360120826,626.044,0.023109097
"963","VT","2014",5641.89545029,625.665,0.025628824
"964","VT","2015",4635.1692192793,624.455,0.022046932
"965","VT","2016",35175.824510316,623.354,0.020548383
"966","VT","2017",33900.705703865,623.657,0.020995745
"967","WA","1997",155606.316357987,5604.105,0.021116885
"968","WA","1998",160412.147834728,5687.832,0.019143951
"969","WA","1999",156855.54916752,5756.361,0.016927264
"970","WA","2000",134953.400858319,5910.512,0.017225473
"971","WA","2001",114050.589645886,5985.722,0.015668534
"972","WA","2002",82833.9272633537,6052.349,0.015935455
"973","WA","2003",58428.6185428868,6104.115,0.018851495
"974","WA","2004",45486.690690747,6178.645,0.019816188
"975","WA","2005",42160.9776080235,6257.305,0.017992395
"976","WA","2006",343941.126562121,6370.753,0.019362313
"977","WA","2007",340388.481034409,6461.587,0.019527648
"978","WA","2008",306822.646068852,6562.231,0.018638661
"979","WA","2009",266196.254525156,6667.426,0.01797598
"980","WA","2010",244504.92261069,6741.386,0.019486008
"981","WA","2011",210433.296575151,6819.155,0.022293725
"982","WA","2012",185285.460662653,6890.899,0.021307614
"983","WA","2013",134982.101241378,6963.41,0.019747954
"984","WA","2014",96611.1423266562,7046.931,0.018184074
"985","WA","2015",76239.1826742492,7152.818,0.017833737
"986","WA","2016",67840.081559583,7280.934,0.017251863
"987","WA","2017",549731.917696313,7405.743,0.015672861
"988","WI","1997",139631.412067578,5200.235,0.018763719
"989","WI","1998",133034.979933703,5222.124,0.019080638
"990","WI","1999",124886.998956424,5250.446,0.016674346
"991","WI","2000",113927.18611526,5373.999,0.014182492
"992","WI","2001",95118.3313711836,5406.835,0.016466821
"993","WI","2002",81883.809520254,5445.162,0.015068263
"994","WI","2003",53442.1147344468,5479.203,0.016803891
"995","WI","2004",40108.115053652,5514.026,0.019491643
"996","WI","2005",33689.2776894575,5546.166,0.01674583
"997","WI","2006",259523.698275043,5577.655,0.016536111
"998","WI","2007",251323.076326912,5610.775,0.019352959
"999","WI","2008",226082.055784937,5640.996,0.017792154
"1000","WI","2009",198942.232598577,5669.264,0.013710484
"1001","WI","2010",181896.09411995,5690.403,0.018665348
"1002","WI","2011",163927.410252673,5705.812,0.02377859
"1003","WI","2012",136935.331435128,5721.075,0.020648264
"1004","WI","2013",117408.922625862,5736.673,0.022999691
"1005","WI","2014",76012.7919234156,5751.272,0.024534948
"1006","WI","2015",56418.7608884248,5759.744,0.024665434
"1007","WI","2016",46776.7787300517,5772.917,0.020958036
"1008","WI","2017",356684.249711429,5795.483,0.02008881
"1009","WV","1997",34543.497335109,1815.588,0.079461123
"1010","WV","1998",31494.3131462956,1811.688,0.084350944
"1011","WV","1999",29248.755629289,1806.928,0.072442299
"1012","WV","2000",25587.5353220447,1807.021,0.076762757
"1013","WV","2001",21733.2955736559,1801.481,0.079578728
"1014","WV","2002",17161.513545912,1805.414,0.069235851
"1015","WV","2003",11518.5246439797,1812.295,0.070750573
"1016","WV","2004",8816.9075086152,1816.438,0.081544458
"1017","WV","2005",7723.7902353013,1820.492,0.096365031
"1018","WV","2006",61816.34405862,1827.912,0.105027167
"1019","WV","2007",58873,1834.052,0.116522005
"1020","WV","2008",56047.8767624697,1840.31,0.13631933
"1021","WV","2009",50435.4405205816,1847.775,0.125872921
"1022","WV","2010",46999.6908263925,1854.315,0.148598617
"1023","WV","2011",42510.0740796305,1854.891,0.170371414
"1024","WV","2012",35008.9714135503,1855.36,0.137877101
"1025","WV","2013",27241.4934907824,1852.333,0.144654699
"1026","WV","2014",18197.0032895217,1847.624,0.145908776
"1027","WV","2015",12923.4757910664,1839.767,0.120220988
"1028","WV","2016",10485.9920600449,1828.637,0.106409073
"1029","WV","2017",83471.79275268,1815.857,0.132432221
"1030","WY","1997",15293.7918543992,480.031,0.228344317
"1031","WY","1998",12329.0251798848,480.045,0.191957714
"1032","WY","1999",11609.4680026731,479.602,0.191807748
"1033","WY","2000",11163.9185894202,494.3,0.212346533
"1034","WY","2001",9812.5127546343,494.657,0.227178588
"1035","WY","2002",8538.0763163655,500.017,0.210698181
"1036","WY","2003",5902.249465519,503.453,0.247798446
"1037","WY","2004",4500.092407767,509.106,0.281044916
"1038","WY","2005",4199.9384714378,514.157,0.332920522
"1039","WY","2006",36729.352232202,522.667,0.363408214
"1040","WY","2007",38253.456499895,534.876,0.358564311
"1041","WY","2008",40765.6953731536,546.043,0.403223549
"1042","WY","2009",30627.8854478752,559.851,0.346036791
"1043","WY","2010",28784.7966082383,564.376,0.359102882
"1044","WY","2011",26704.2168160902,567.602,0.371045085
"1045","WY","2012",20948.0550819953,576.608,0.305067038
"1046","WY","2013",18130.301691228,582.341,0.304823277
"1047","WY","2014",11540.7252205234,583.334,0.285951687
"1048","WY","2015",7569.958565763,586.102,0.226731519
"1049","WY","2016",5801.8017967975,584.91,0.213263019
"1050","WY","2017",45286.119973878,579.315,0.246959241
